Date,IVV,EFA,EEM,SHY,LQD,EMB,VNQ,GLD
2009-06-01,77.035706,34.372078,27.405502,75.46488,65.97917,57.97858,22.627659,93.71
2009-06-08,77.46611,35.200672,27.5115,75.63734,67.20545,57.947876,22.154604,92.17
2009-06-15,75.39526,34.110424,25.88886,75.77356,66.91362,57.216545,20.663181,91.9
2009-06-22,74.721214,33.405388,26.353636,76.04606,68.1556,57.345604,20.268965,92.29
2009-06-29,73.53782,33.573315,26.239273,76.0915,67.67375,57.609863,19.953926,91.25
2009-07-06,72.05186,32.682583,25.417244,76.366264,68.78665,57.598324,19.079107,89.58
2009-07-13,77.13837,34.753544,27.595634,76.175285,68.220795,58.20984,20.46146,91.93
2009-07-20,80.330666,36.56471,29.09995,76.1298,69.3593,59.16722,22.144321,93.41
2009-07-27,80.967514,37.41833,29.412323,76.12064,71.21363,59.618137,22.939003,93.35
2009-08-03,82.8617,37.796894,30.028845,75.69318,69.67289,60.489033,26.792225,93.75
2009-08-10,82.50246,38.027,29.363007,76.20447,70.632774,60.648277,25.563469,93.0
2009-08-17,84.323135,38.85835,29.848005,76.16804,70.81084,60.803383,25.877335,93.65
2009-08-24,84.69057,39.39279,29.609617,76.37753,71.797264,60.939926,26.645311,93.87
2009-08-31,83.572,38.9697,29.921991,76.368385,71.831436,60.87168,25.096003,97.53
2009-09-07,85.84173,40.535908,31.122149,76.5033,73.092026,62.214127,26.82561,98.78
2009-09-14,87.85024,41.270763,32.083927,76.43032,72.80307,63.87317,29.11617,98.67
2009-09-21,85.61313,40.26868,31.311224,76.5489,73.5807,63.62993,27.279715,97.0
2009-09-28,84.382484,39.08845,31.122149,76.62184,71.873985,63.760883,26.51031,98.37
2009-10-05,88.238556,40.95157,32.757996,76.58901,71.84781,65.152,27.899567,102.84
2009-10-12,89.63331,41.649326,33.49782,76.6255,71.93074,64.95776,27.48818,103.18
2009-10-19,88.98516,41.693867,33.506046,76.50682,72.48372,64.675865,27.596087,103.49
2009-10-26,85.30138,39.563522,30.883762,76.716866,73.05057,63.911587,26.705896,102.53
2009-11-02,88.20573,40.83281,32.59359,76.662025,72.80173,63.535686,26.665426,107.43
2009-11-09,90.26505,41.84974,33.736217,76.90899,73.61584,64.5144,28.378382,109.74
2009-11-16,90.15842,41.077778,33.415627,77.01882,73.57418,64.59616,28.209782,112.94
2009-11-23,90.22403,40.981277,32.988167,77.165245,74.10888,64.53324,27.434229,115.06
2009-11-30,91.364456,42.065006,34.39384,76.35988,73.47692,64.14944,29.87553,113.75
2009-12-07,91.454704,41.166847,33.991047,76.96337,73.35828,64.3707,29.369736,109.32
2009-12-14,91.21677,40.70663,33.17723,77.0095,73.70698,64.45916,29.835062,108.95
2009-12-21,92.65254,41.248493,33.867744,76.70534,72.9329,64.38969,30.968044,108.36
2009-12-28,92.22201,41.40665,34.389908,76.44733,72.633,64.30753,30.56154,107.31
2010-01-04,94.820145,42.882244,35.809048,76.78385,73.70756,64.89001,30.4454,111.37
2010-01-11,94.028336,42.732445,34.772907,76.95912,73.85459,64.87098,30.459068,110.86
2010-01-18,90.4074,40.350513,32.833263,77.10671,73.95266,64.75045,29.099716,107.17
2010-01-25,88.79903,39.309353,31.730797,77.134384,73.84763,64.22388,28.874292,105.96
2010-02-01,88.2794,38.560314,30.835575,77.20818,73.12627,62.828133,28.751333,104.68
2010-02-08,89.401146,38.76255,31.863422,77.165794,73.02613,63.878998,28.689857,107.04
2010-02-15,91.982796,39.65391,32.6426,77.036514,73.279366,64.33162,30.233648,109.47
2010-02-22,91.595146,39.414207,32.29446,77.25808,74.221756,65.077415,30.486395,109.43
2010-03-01,94.53972,41.181942,33.943993,77.073425,74.25697,65.40888,31.70913,110.81
2010-03-08,95.521225,41.691284,34.292145,77.0594,74.81857,66.53847,32.84306,107.95
2010-03-15,96.35428,41.474052,34.14293,77.02244,75.2212,67.04447,33.50567,108.28
2010-03-22,96.55225,41.578922,34.068336,76.976265,74.691444,66.67938,33.669605,108.59
2010-03-29,97.91417,42.672516,35.825634,76.94855,74.53607,66.49997,33.764038,110.26
2010-04-05,99.31401,42.807335,36.28982,76.985405,74.64102,67.01933,35.051,113.64
2010-04-12,99.22291,42.485264,35.19565,77.179695,75.36465,67.77219,33.963596,111.24
2010-04-19,101.16941,42.290504,35.693005,77.04092,75.41434,67.37325,36.317318,113.19
2010-04-26,98.76731,40.754982,34.8558,77.281456,76.130875,67.115845,35.99386,115.36
2010-05-03,92.32308,36.86001,31.656197,77.420235,74.59134,64.00138,33.805317,118.27
2010-05-10,94.65891,37.444256,32.733784,77.566696,75.6265,66.63172,35.08541,120.37
2010-05-17,90.61679,36.41807,30.951618,77.622215,75.740425,65.338905,33.26852,115.22
2010-05-24,90.865265,36.193363,31.581581,77.631485,75.134865,65.89482,34.073715,118.88
2010-05-31,88.74478,35.114754,30.835575,77.66852,75.2346,65.67504,32.002186,119.19
2010-06-07,91.10548,36.63529,32.128677,77.68801,75.85965,66.36227,34.41095,120.01
2010-06-14,93.27563,37.90866,33.09021,77.743614,76.1959,67.3427,35.257465,122.83
2010-06-21,89.68078,36.590343,32.68405,77.89187,76.904205,67.19983,33.832848,122.76
2010-06-28,85.36762,35.889126,31.498676,77.86409,77.14742,67.10894,31.568245,118.49
2010-07-05,90.11857,38.152676,33.351048,77.90389,77.547874,68.25057,33.186954,118.36
2010-07-12,89.070206,37.78685,32.24964,78.03373,78.30215,68.86361,32.70065,116.67
2010-07-19,92.17371,39.31875,34.335636,78.00593,78.754745,69.85494,34.6945,116.09
2010-07-26,92.09884,39.562626,34.544235,78.10794,79.23605,70.20713,35.396175,115.49
2010-08-02,93.83782,40.964966,35.111633,78.12648,79.3007,71.32237,35.86163,117.84
2010-08-09,90.434746,38.64806,33.943466,78.17386,79.79644,71.8671,34.583347,118.74
2010-08-16,89.77746,38.343212,34.227165,78.23881,80.849464,73.05886,34.36799,119.97
2010-08-23,89.211655,38.503254,33.784927,78.17386,80.697975,72.122475,34.951557,121.01
2010-08-30,92.598076,40.00467,35.06991,78.12745,79.875786,72.19453,37.0774,121.86
2010-09-06,93.13057,40.24855,35.261818,78.12731,80.24902,71.586365,36.3549,121.73
2010-09-13,94.386955,40.87351,35.895966,78.30378,80.61102,71.99402,37.04962,124.54
2010-09-20,95.80142,42.20725,36.81381,78.35953,81.15395,72.3622,36.667522,126.69
2010-09-27,96.21546,42.27584,37.90688,78.34101,81.16118,72.98026,36.689125,128.91
2010-10-04,97.821884,43.34283,38.57439,78.522255,82.200584,74.243576,37.62142,131.66
2010-10-11,98.82585,43.845844,38.98325,78.475784,80.92881,74.63303,38.126133,133.68
2010-10-18,99.37804,43.662933,38.407516,78.531555,81.524734,74.197365,38.953278,129.73
2010-10-25,99.47006,43.44953,38.48261,78.559395,81.65553,74.60659,38.23829,132.62
2010-11-01,103.034225,45.11862,40.460144,78.46649,81.931694,75.03568,40.158966,136.38
2010-11-08,100.90073,43.77726,38.72459,78.314705,80.577286,73.438934,38.133144,133.69
2010-11-15,100.94259,44.028767,38.808025,78.314705,80.45325,72.60396,37.277954,132.2
2010-11-22,99.813126,42.199623,37.3812,78.35195,80.38027,71.90154,37.719566,133.11
2010-11-29,103.143,43.75439,39.333706,78.32404,79.44651,72.17324,38.3224,138.07
2010-12-06,104.52347,43.92207,38.874783,78.13212,78.87618,71.73036,37.824715,135.41
2010-12-13,104.91672,43.876335,38.716244,78.1973,79.29361,70.5258,37.530308,134.2
2010-12-20,105.493996,43.990658,38.891468,78.07626,79.38152,71.43755,38.49765,134.66
2010-12-27,106.14319,44.789345,40.06228,78.20667,79.418175,71.26451,38.8131,138.72
2011-01-03,107.29501,44.135426,39.755688,78.28874,80.07798,71.49113,38.99016,133.58
2011-01-10,109.05213,45.735596,40.327835,78.30737,80.09268,72.07928,39.45079,132.69
2011-01-17,108.32912,45.574043,39.10781,78.26074,79.761795,71.39088,39.301968,131.03
2011-01-24,107.73218,45.335552,38.140224,78.38191,79.98237,70.74919,39.982273,130.28
2011-01-31,110.66636,46.766468,39.124638,78.03708,78.75447,70.334816,40.42875,131.66
2011-02-07,112.32261,46.79725,38.39263,77.979,79.420044,70.20177,41.47046,132.32
2011-02-14,113.53328,47.6358,38.96477,78.128235,79.818596,70.779045,41.619267,135.41
2011-02-21,111.63322,46.928032,38.30008,78.249466,80.40919,70.7321,41.392506,137.38
2011-02-28,111.784546,47.104973,39.461197,78.249466,79.84081,70.973694,40.9744,139.35
2011-03-07,110.4898,45.65097,38.729195,78.37174,80.52097,71.62171,40.988567,138.22
2011-03-14,108.27024,44.55855,38.05608,78.44642,81.08422,71.40596,40.47834,138.37
2011-03-21,110.750435,45.681755,39.831417,78.24102,80.53576,71.79703,40.4004,139.26
2011-03-28,112.843315,46.65878,41.606743,78.175705,80.246735,71.716064,41.80105,139.2
2011-04-04,112.58154,47.143436,42.103165,78.20093,80.372696,72.312515,41.072952,143.66
2011-04-11,111.95651,46.88957,41.337498,78.43448,81.027504,72.25836,42.09372,145.05
2011-04-18,113.35005,47.751194,42.22096,78.443825,81.421814,72.400566,42.821804,146.74
2011-04-25,115.65575,48.820538,42.06951,78.59331,82.195656,73.11139,44.135223,152.37
2011-05-02,113.68788,47.389618,40.597076,78.61198,82.433784,72.95568,43.157295,145.3
2011-05-09,113.59498,46.628002,39.478027,78.71113,82.68639,73.71442,43.207253,145.63
2011-05-16,113.24872,46.527992,39.604233,78.75785,82.91048,73.97955,43.328613,147.49
2011-05-23,113.172714,46.774174,40.176373,78.879364,83.24663,73.66001,44.04243,149.7
2011-05-30,110.53765,46.874184,40.277348,78.851326,82.76113,73.85717,43.314335,150.22
2011-06-06,108.139046,45.48942,39.099396,78.96922,82.95046,74.41295,41.472694,149.24
2011-06-13,108.18128,45.12784,38.527267,79.016,83.12295,73.818985,42.315,149.94
2011-06-20,107.505615,43.92772,38.28325,79.10021,83.49032,74.14669,41.815327,146.26
2011-06-27,114.000046,47.683067,40.92657,78.7914,82.26066,74.542656,44.007317,144.93
2011-07-04,114.42427,46.922333,40.73112,79.00761,83.60379,74.99337,45.18074,150.25
2011-07-11,112.14178,45.628296,39.65187,79.06386,83.82961,74.76028,44.180088,155.2
2011-07-18,114.59401,47.196823,40.49318,79.00761,83.92747,75.32236,45.4831,156.12
2011-07-25,110.14769,46.043957,40.03427,79.101265,84.58229,76.10383,43.942528,158.29
2011-08-01,102.1885,42.146183,36.184673,79.16686,84.747925,75.32925,38.536087,161.75
2011-08-08,100.618706,41.487404,35.07143,79.383316,84.97593,74.617546,39.443172,169.97
2011-08-15,95.98573,39.346367,33.720234,79.3646,85.68618,76.20706,38.30573,179.95
2011-08-22,100.48296,40.53845,34.434074,79.373955,83.8955,76.16576,39.54395,177.47
2011-08-29,100.313255,40.569817,35.317863,79.308395,85.14218,76.55111,39.9111,183.24
2011-09-05,98.6501,38.232723,34.000664,79.40587,86.13886,76.27915,39.637535,180.7
2011-09-12,103.98738,39.918888,34.442566,79.38708,85.26679,75.82321,41.178116,176.03
2011-09-19,97.08032,37.009277,30.49098,79.32144,85.60803,72.65931,37.1179,159.8
2011-09-26,96.4694,37.47199,29.828127,79.29335,85.168205,72.83203,36.97677,158.06
2011-10-03,99.03421,38.413097,30.966873,79.17145,84.19752,72.5764,36.26442,159.18
2011-10-10,104.89591,40.87567,33.643757,79.24552,85.05248,74.754265,38.554115,163.4
2011-10-17,106.081894,40.844307,33.0234,79.26426,85.98108,74.98318,40.09511,159.52
2011-10-24,110.10914,43.330414,36.031704,79.24552,87.10763,76.73133,42.74099,169.62
2011-10-31,107.4044,40.624714,35.003445,79.31118,87.97539,76.92559,41.919605,170.85
2011-11-07,108.44534,40.624714,34.663517,79.31867,86.573784,77.264824,41.614304,173.96
2011-11-14,104.38399,38.742493,32.751457,79.309296,85.66485,76.087654,40.262295,167.62
2011-11-21,99.52058,36.428917,30.677937,79.33744,84.32043,74.325485,38.05257,163.4
2011-11-28,106.943665,39.832615,33.79672,79.29988,85.16832,76.10856,40.284096,169.82
2011-12-05,107.89929,40.02868,33.456795,79.38909,85.558334,76.24423,40.952843,166.4
2011-12-12,104.75938,37.911175,31.88466,79.39847,86.62378,76.300156,41.10549,155.23
2011-12-19,108.18936,38.82876,32.708973,79.351494,86.68508,76.67785,42.290306,156.31
2011-12-26,108.137085,39.311516,32.5506,79.36092,87.198685,76.754745,42.62672,151.99
2012-01-02,110.12024,39.009914,32.790833,79.35997,87.46041,76.09791,42.509113,157.2
2012-01-09,111.176186,39.367077,33.708836,79.425735,88.075714,75.97859,42.91334,159.26
2012-01-16,113.24517,41.21638,35.501957,79.406906,87.921906,76.85612,44.0084,162.07
2012-01-23,113.53707,41.660847,36.342735,79.491486,89.229454,77.45986,45.463596,168.97
2012-01-30,115.932304,42.779953,37.646824,79.41633,89.48328,77.99337,46.53661,167.64
2012-02-06,115.794945,42.27992,36.823196,79.38908,89.569305,78.213554,45.588535,167.14
2012-02-13,117.48616,43.27204,37.68972,79.323235,89.53072,78.601166,45.823715,167.35
2012-02-20,117.93262,43.772068,37.912785,79.31384,90.1327,79.53848,45.346,172.23
2012-02-27,118.34468,43.470455,38.298862,79.323235,90.34106,80.10226,45.029972,166.34
2012-03-05,118.51639,43.145042,37.56961,79.309166,90.279724,80.56538,45.110813,166.38
2012-03-12,121.40094,44.057793,37.826996,79.25274,88.72318,80.33889,46.433716,161.3
2012-03-19,120.88583,43.478397,36.806038,79.24334,88.87036,79.74457,46.272026,161.53
2012-03-26,121.229256,43.565704,36.848934,79.29035,89.54406,79.75162,46.779144,162.12
2012-04-02,120.99108,42.0815,36.668762,79.27155,88.93226,79.348305,46.6069,158.31
2012-04-09,118.65402,41.525913,36.17115,79.40325,90.14007,80.20346,46.132744,160.85
2012-04-16,119.35254,42.422787,36.317013,79.43145,90.27993,80.714905,47.414417,159.54
2012-04-23,121.51711,42.906944,36.299843,79.43145,90.56745,80.94934,48.629417,161.38
2012-04-30,118.567825,41.486237,35.4848,79.45022,90.48975,81.332954,48.3553,159.47
2012-05-07,117.30874,40.605232,34.292244,79.47659,91.10483,80.852905,48.59238,153.56
2012-05-14,112.29833,38.18448,31.992939,79.42013,90.02891,78.677925,45.265965,154.55
2012-05-21,114.3163,38.176544,31.872831,79.44832,90.34856,78.813385,46.429092,152.68
2012-05-28,111.03927,36.946323,31.478167,79.47659,91.447914,77.37293,45.184467,157.5
2012-06-04,115.14417,38.50196,32.542027,79.47468,91.124855,80.28855,47.140316,154.73
2012-06-11,116.59296,39.28771,33.451454,79.46532,91.43781,81.28381,47.24403,157.84
2012-06-18,115.52362,38.446396,32.421913,79.42766,91.42217,81.65608,47.03659,152.64
2012-06-25,118.488365,40.576565,33.973366,79.418236,91.99326,82.13577,48.47384,155.19
2012-07-02,117.795204,40.154243,33.66081,79.4559,92.720795,82.7515,49.515743,153.71
2012-07-09,118.09848,40.08114,33.417713,79.527435,93.729515,84.1965,49.844406,154.14
2012-07-16,118.71363,39.918705,33.50454,79.59341,94.74209,84.80021,49.33648,153.67
2012-07-23,120.72384,40.90956,34.320652,79.536896,94.46738,84.79305,49.695007,157.54
2012-07-30,121.191765,41.413124,34.667946,79.536896,94.6244,85.53341,50.143177,155.55
2012-08-06,122.50011,42.127827,35.362522,79.523705,94.49261,85.37373,49.07504,157.18
2012-08-13,123.72176,42.47708,35.13679,79.486,93.279945,84.94806,49.545624,156.72
2012-08-20,123.18459,42.314632,34.772137,79.54252,94.406006,85.97978,49.49334,161.97
2012-08-27,122.9333,41.90855,34.103607,79.59902,95.146164,86.261154,49.844406,164.22
2012-09-03,125.63668,43.25677,35.284386,79.551956,94.437485,86.80226,50.598827,168.44
2012-09-10,128.1321,44.791798,36.7864,79.55566,94.557655,87.42471,51.36072,171.8
2012-09-17,127.516846,44.29636,36.27415,79.55566,95.426636,87.598526,49.702477,171.96
2012-09-24,125.1168,43.0456,35.883453,79.61224,96.192894,87.80127,48.52976,171.89
2012-10-01,127.80334,43.971485,36.421745,79.53684,96.011185,88.06916,49.066288,172.62
2012-10-08,124.93711,43.18367,35.831356,79.57641,97.273796,89.0217,48.76512,170.06
2012-10-15,125.32918,43.971485,36.031048,79.51987,97.31341,89.159775,49.34486,166.97
2012-10-22,123.64778,43.549152,35.779263,79.510445,97.1866,88.48413,48.004696,165.93
2012-10-29,123.79588,43.606007,36.11787,79.529274,96.86964,87.801285,49.028645,162.6
2012-11-05,120.746735,42.883163,35.596943,79.56698,96.314926,88.33882,47.98964,167.82
2012-11-12,119.21342,42.306522,35.084686,79.59526,96.41003,87.72134,47.01087,165.88
2012-11-19,123.56067,44.29636,36.143925,79.55755,96.52098,88.229866,48.21551,169.61
2012-11-26,124.327324,44.726818,36.28283,79.57641,96.78244,89.137955,48.343502,166.05
2012-12-03,124.579926,45.067936,37.15105,79.58584,96.63189,88.99265,49.096397,165.16
2012-12-10,124.37083,45.547127,37.6633,79.61412,96.285645,89.205,48.674793,164.13
2012-12-17,125.02427,45.896355,37.5678,79.566956,96.37308,89.54025,49.932117,160.33
2012-12-24,123.30912,45.988457,38.17109,79.576416,96.683075,89.46011,49.021103,160.54
2012-12-31,129.0257,47.18723,39.310585,79.58678,96.11179,89.687096,50.9967,160.44
2013-01-07,129.64821,47.65524,38.856228,79.60562,96.55028,88.78783,51.1796,161.06
2013-01-14,130.75298,47.745556,39.127094,79.60562,96.207436,89.34349,51.8883,163.09
2013-01-21,132.32236,48.468113,38.585358,79.58678,95.75301,88.87556,52.54366,160.65
2013-01-28,133.29558,48.812954,38.891174,79.57738,94.66871,87.04778,52.32268,161.45
2013-02-04,133.75145,48.057568,38.3145,79.644325,95.57954,87.94527,52.52081,161.57
2013-02-11,134.1022,47.975464,38.43682,79.60659,95.435585,87.43897,52.764675,155.76
2013-02-18,133.8216,48.024723,37.81645,79.625465,95.78748,86.92532,52.970425,152.97
2013-02-25,134.0408,47.704514,37.84266,79.653755,96.15535,86.77123,52.825638,152.44
2013-03-04,137.02185,48.755478,38.559143,79.63298,95.29189,87.12083,53.32098,152.71
2013-03-11,137.97754,49.157806,37.37083,79.651855,95.62884,86.92935,53.679123,154.0
2013-03-18,137.72325,48.739056,36.663082,79.64243,95.84545,86.568474,53.000904,155.55
2013-03-25,137.96878,48.427048,37.37083,79.68016,96.19039,86.62737,54.16255,154.45
2013-04-01,137.39995,48.25463,36.35727,79.68962,96.94452,88.35805,55.483414,152.81
2013-04-08,140.58012,49.60119,36.59318,79.69714,97.717834,89.48074,56.75051,143.95
2013-04-15,137.57614,48.52558,36.383472,79.706566,97.94308,88.815674,56.67373,135.47
2013-04-22,140.06918,50.151314,36.907738,79.72544,98.44203,89.05951,56.65835,140.91
2013-04-29,142.8266,51.358303,38.026157,79.69714,97.500534,89.702484,57.956184,142.09
2013-05-06,144.67651,51.47324,38.06984,79.70377,97.07202,89.354675,58.439972,139.6
2013-05-13,147.82144,51.768833,37.938774,79.69429,96.92674,88.67246,59.538116,131.07
2013-05-20,146.36787,50.455105,36.93395,79.67544,96.44244,87.35248,57.311096,133.76
2013-05-27,144.73814,49.322025,35.99902,79.628265,95.118805,85.29844,54.35454,133.92
2013-06-03,145.90099,49.510868,35.553402,79.628265,94.10182,84.07491,54.323826,133.28
2013-06-10,144.4915,49.100338,34.34761,79.69149,94.53672,84.73288,53.89379,134.43
2013-06-17,141.56679,47.573135,32.687458,79.52158,90.84495,78.51889,51.152245,125.05
2013-06-24,141.72539,47.047638,33.639862,79.54994,92.010765,81.51055,52.7726,119.11
2013-07-01,145.12654,48.45315,33.05456,79.4838,90.81256,79.71709,53.362576,118.09
2013-07-08,149.10194,50.103447,34.470932,79.56599,92.484245,80.77083,55.168987,124.13
2013-07-15,150.65144,50.823864,34.771915,79.66981,93.55636,83.460686,56.076042,125.11
2013-07-22,150.53633,50.932774,35.258797,79.67921,93.15024,82.683624,55.223255,128.78
2013-07-29,152.1655,51.661583,35.15256,79.688675,92.459915,82.12323,53.285053,126.36
2013-08-05,150.72229,51.803993,34.842735,79.6868,92.84919,82.369125,53.40909,126.86
2013-08-12,147.61452,51.678333,34.789616,79.63016,90.8777,80.84599,49.889313,132.58
2013-08-19,148.34056,51.577816,34.21422,79.554596,91.41538,80.17825,51.059986,134.9
2013-08-26,145.56036,49.567307,33.656525,79.60178,92.09968,79.653015,50.005604,134.62
2013-09-02,147.76503,51.20922,35.391575,79.47905,90.48661,79.51047,50.238194,134.15
2013-09-09,150.67801,52.633324,36.43615,79.52435,91.03391,80.17374,51.4709,127.82
2013-09-16,152.7056,53.839626,37.25056,79.69434,92.219025,82.841415,52.788857,127.96
2013-09-23,150.38583,53.831257,36.498108,79.76049,92.98732,82.23102,51.82753,128.97
2013-09-30,151.06712,53.487785,37.277122,79.7227,92.62768,81.92958,51.558968,126.53
2013-10-07,152.3217,53.98204,37.91449,79.701935,93.13231,83.08851,53.06897,122.6
2013-10-14,155.99626,55.35589,38.339397,79.75859,94.36226,84.32173,54.657192,126.85
2013-10-21,157.47318,55.67422,37.84367,79.80584,94.559044,84.4731,55.588238,130.46
2013-10-28,157.66893,54.920265,37.604664,79.786934,93.89489,83.46678,54.36771,126.95
2013-11-04,158.63875,54.635452,36.43615,79.804886,93.201935,82.45122,52.12229,124.28
2013-11-11,161.1478,55.43966,37.40106,79.8521,93.83538,82.71708,52.842083,124.32
2013-11-18,161.78838,55.414524,37.224007,79.88993,94.03284,82.32969,51.70762,119.92
2013-11-25,161.89516,55.48991,37.48957,79.9088,94.32902,82.54236,51.246006,120.7
2013-12-02,161.92183,54.761112,37.126637,79.82375,93.50634,81.9271,51.58243,118.55
2013-12-09,159.35054,53.672092,36.25025,79.83222,94.162254,82.60718,50.354095,119.38
2013-12-16,163.29202,54.509808,35.834187,79.77555,94.814316,82.97315,51.261658,115.94
2013-12-23,164.57324,56.249367,36.89032,79.74721,94.20353,82.64529,50.76876,117.12
2013-12-30,164.50752,55.750843,35.83631,79.77649,94.85457,82.870544,51.592213,119.29
2014-01-06,165.67024,56.452164,35.970295,79.80487,95.3099,83.26085,52.53776,120.26
2014-01-13,165.24094,56.452164,35.541553,79.795425,95.56652,83.544044,52.752296,120.93
2014-01-20,160.90306,54.796032,34.157043,79.85207,95.50029,82.311806,52.66489,122.29
2014-01-27,160.25015,53.748276,34.112385,79.927765,96.311584,82.105156,53.491257,120.09
2014-02-03,161.72592,55.024174,34.594727,79.927765,96.07977,83.115456,53.960068,122.17
2014-02-10,165.545,56.18177,35.425423,79.92115,96.50088,83.38911,55.13604,127.15
2014-02-17,165.53609,56.587364,35.21999,79.94004,96.567314,83.53509,55.390312,127.58
2014-02-24,167.55743,57.043633,35.26464,79.95894,97.4143,84.933495,56.200794,127.62
2014-03-03,169.3999,57.170383,35.300377,79.8455,96.16876,84.17282,55.882957,129.09
2014-03-10,166.14426,55.024174,34.299965,79.92869,96.91128,84.20146,55.986244,133.1
2014-03-17,168.31767,55.057976,34.818035,79.80575,96.85299,84.29403,55.81143,128.47
2014-03-24,166.85982,56.494415,36.390118,79.824646,97.39427,85.61303,55.64458,124.56
2014-03-31,168.50142,56.916897,36.89032,79.86249,97.29436,86.08356,56.85593,125.57
2014-04-07,164.04543,55.98744,37.36373,79.97692,98.3548,86.93973,56.360077,126.93
2014-04-14,168.48346,57.060543,37.524513,79.92022,98.10423,86.8081,57.399773,124.75
2014-04-21,168.40256,56.95069,36.46157,79.91069,98.505135,86.374466,57.639706,125.43
2014-04-28,170.02863,57.795662,37.16723,79.92963,99.014626,86.715195,58.56744,125.06
2014-05-05,169.98373,57.643574,37.17615,80.006294,99.15295,88.24963,59.359222,124.1
2014-05-12,170.01068,57.871708,38.35523,80.06308,99.823074,88.49831,59.695137,124.5
2014-05-19,172.08595,58.066063,38.53386,80.05359,99.62207,88.8325,59.295235,124.51
2014-05-26,174.1702,58.649082,38.006863,80.10089,100.17489,89.866135,59.735115,120.43
2014-06-02,176.64078,59.333492,38.90902,80.025215,99.253494,89.81175,60.854813,120.61
2014-06-09,175.50882,58.911022,38.953674,79.98071,99.526405,89.53859,59.51118,122.96
2014-06-16,177.93448,59.61233,38.90902,79.95229,99.593575,89.3904,60.478916,126.5
2014-06-23,177.21576,57.71961,38.72144,80.02803,100.27405,90.131355,59.99904,126.66
2014-06-30,180.0688,59.925133,39.75663,79.94287,99.064384,89.29679,60.243095,127.16
2014-07-07,178.61574,58.41013,39.513554,80.03275,100.28269,90.43818,60.977665,128.78
2014-07-14,179.55438,58.765064,39.75663,79.97594,100.44272,90.21118,61.80102,126.13
2014-07-21,179.61754,58.825665,40.31481,79.994896,100.62807,90.77469,61.37319,125.79
2014-07-28,174.86108,57.250046,39.6666,80.051704,100.08894,88.70062,60.315742,124.38
2014-08-04,175.51999,56.514194,39.351498,80.08675,100.56187,89.19983,60.477173,126.19
2014-08-11,177.82147,57.250046,40.071735,80.14357,101.22075,90.354416,61.534653,125.48
2014-08-18,180.92624,57.544403,40.2878,80.048904,101.17007,90.31514,61.95441,123.19
2014-08-25,182.2801,57.752174,40.566887,80.124626,101.86279,90.817795,62.301517,123.86
2014-09-01,182.70428,58.003235,41.27811,80.0678,100.528046,90.65286,62.898865,122.06
2014-09-08,180.94432,57.154823,39.423527,79.9996,99.65004,89.51075,59.62152,118.38
2014-09-15,183.1014,57.11154,39.12644,79.9996,99.95501,89.36114,59.44393,117.09
2014-09-22,179.87027,56.07267,38.190132,80.06591,100.048195,89.321754,58.370323,117.06
2014-09-29,179.38007,54.263325,37.163807,80.03751,100.75132,88.872955,58.85589,114.61
2014-10-06,173.92117,52.272167,36.47059,80.312355,101.63233,89.44979,59.874294,117.59
2014-10-13,172.08047,52.497257,36.65965,80.39762,101.9297,90.04237,60.835663,118.99
2014-10-20,179.25308,53.87375,36.929737,80.38815,101.7343,90.14508,62.774727,118.35
2014-10-27,184.06813,55.362785,37.947052,80.274445,101.38596,90.61126,64.3553,112.66
2014-11-03,185.67317,54.410492,37.10979,80.245995,101.19059,89.72635,64.30642,112.97
2014-11-10,186.4167,54.852013,37.307854,80.292435,100.96426,89.798515,63.915337,114.47
2014-11-17,188.64738,55.215614,38.20814,80.30191,101.09206,90.40116,64.5101,115.39
2014-11-24,189.13707,55.397415,37.361866,80.35881,102.31031,90.23464,65.642555,112.11
2014-12-01,189.91689,55.371445,36.80369,80.14075,100.836464,89.19591,65.65883,114.43
2014-12-08,183.3971,52.791595,34.516964,80.29146,101.708015,86.165504,65.854385,117.41
2014-12-15,189.52695,53.41492,34.96711,80.10177,101.98997,88.63262,66.83206,114.77
2014-12-22,190.28867,54.409554,35.99976,80.01644,101.6653,88.17898,66.80762,114.83
2014-12-29,188.44777,52.9584,35.40616,80.20904,102.65251,87.47036,67.899864,114.08
2015-01-05,187.46332,52.136654,35.862774,80.34183,103.56912,88.04644,70.30303,117.26
2015-01-12,185.04765,53.14198,36.06369,80.53159,103.99745,88.66253,72.12812,122.52
2015-01-19,188.13786,53.640263,37.2235,80.50313,104.751335,89.33468,72.574066,124.23
2015-01-26,183.10603,53.517876,35.634468,80.62647,106.130516,89.42265,71.47574,123.45
2015-02-02,188.6483,54.63684,36.365047,80.29439,103.80044,89.17461,70.36085,118.64
2015-02-09,192.59541,55.790768,37.1413,80.33508,103.78982,89.7189,70.24522,117.98
2015-02-16,193.92628,56.848545,37.1413,80.33508,103.81557,89.51822,69.87362,115.28
2015-02-23,193.44316,56.909725,37.20523,80.39202,104.62303,90.280914,68.84957,116.16
2015-03-02,190.49881,55.782032,35.853634,80.24018,102.34673,88.891975,66.37209,111.86
2015-03-09,188.94003,55.152615,34.97693,80.35499,103.3285,88.3689,68.03199,110.88
2015-03-16,194.0266,57.399284,36.6025,80.48794,104.63767,89.95552,71.87211,113.57
2015-03-23,188.78506,56.9447,36.03629,80.5354,104.45681,90.13274,69.254234,115.06
2015-03-30,190.28961,56.988407,37.661846,80.58287,104.67213,90.88981,70.47397,115.28
2015-04-06,193.65102,57.923794,39.159565,80.58001,105.0508,91.819534,68.55491,115.97
2015-04-13,191.75508,57.670277,38.995174,80.66553,105.55173,91.6175,67.956764,115.6
2015-04-20,195.1623,58.92037,40.04539,80.66553,105.05947,92.21551,68.637985,113.05
2015-04-27,194.28299,58.789238,39.39699,80.55152,102.72767,91.18108,66.44477,113.08
2015-05-04,195.11647,59.147655,39.15042,80.622765,103.06306,91.57927,66.86013,113.97
2015-05-11,195.92247,59.81204,39.406128,80.670296,102.837875,91.52249,67.3669,117.53
2015-05-18,196.42627,59.427395,39.031704,80.57525,102.041214,91.5306,66.502914,115.6
2015-05-25,194.70432,58.255978,37.552258,80.65125,102.42221,91.13323,65.74692,114.1
2015-06-01,193.43118,57.373047,36.62989,80.46125,100.40442,89.27601,64.14353,112.24
2015-06-08,193.63272,57.87134,36.74862,80.48679,100.60633,89.09729,64.342896,113.23
2015-06-15,194.95164,57.74021,36.584236,80.64843,101.18817,89.715935,65.44784,115.12
2015-06-22,193.41287,57.469215,36.49291,80.54383,99.816086,89.488045,63.055225,112.56
2015-06-29,192.1077,56.875412,36.599094,80.69596,100.26764,89.52059,63.869038,111.76
2015-07-06,192.29189,57.15988,35.36625,80.694084,100.19732,89.79203,65.25368,111.49
2015-07-13,196.88759,58.057716,35.660645,80.66552,100.55439,89.62863,65.88306,108.65
2015-07-20,192.71552,56.795403,34.09659,80.646515,100.911476,89.05658,65.51382,105.35
2015-07-27,195.02722,57.58657,34.15179,80.7131,101.32951,89.612274,66.29424,104.93
2015-08-03,192.65106,57.435455,33.397358,80.570435,100.911476,88.63982,66.11803,104.65
2015-08-10,193.9865,56.89319,32.688934,80.60655,100.8055,89.04541,66.99075,106.85
2015-08-17,183.10045,53.21291,30.140427,80.77782,101.32081,87.84775,65.606125,111.13
2015-08-24,184.63852,53.710724,31.088068,80.70166,100.74436,88.55323,63.57535,108.7
2015-08-31,178.35742,51.21276,29.570005,80.69218,101.36444,88.298935,60.587917,107.49
2015-09-07,182.28082,52.83955,30.78445,80.73976,101.275055,88.82573,62.09841,106.16
2015-09-14,181.94003,52.288395,31.12487,80.81595,101.826866,89.88845,64.02849,109.21
2015-09-21,178.53238,51.052746,29.818417,80.79689,101.39767,87.9854,63.180923,109.81
2015-09-28,181.58424,51.986153,31.134068,80.9873,101.8181,88.010124,64.80412,108.99
2015-10-05,187.5392,54.27077,33.066147,80.920654,102.04162,89.81561,66.948456,110.87
2015-10-12,189.234,54.457455,33.351357,80.958755,102.7707,90.643105,67.812965,112.49
2015-10-19,193.24403,55.186398,33.388157,80.93018,102.92008,90.40314,68.414734,111.5
2015-10-26,193.60524,54.324104,32.081707,80.79684,102.270004,89.78252,67.71125,109.3
2015-11-02,195.63345,54.17298,32.477325,80.539696,100.80301,89.52597,66.295845,104.1
2015-11-09,188.62277,52.706207,30.85806,80.6739,101.43399,89.63297,64.78721,103.56
2015-11-16,195.05927,54.155205,32.311726,80.597694,101.86564,90.555214,67.143394,103.09
2015-11-23,195.14264,53.959637,31.22607,80.61672,102.0683,90.297646,67.78754,101.25
2015-11-30,195.22598,54.084084,31.170866,80.55002,101.530876,89.18428,67.03321,104.02
2015-12-07,187.90038,51.71057,29.02718,80.64629,101.77573,87.82542,65.821205,103.11
2015-12-14,187.27988,51.87059,30.039225,80.579575,101.130806,88.409294,67.024734,102.04
2015-12-21,191.54926,52.830658,30.361237,80.512825,101.20147,88.384285,67.31291,103.05
2015-12-28,190.82074,52.65827,30.077381,80.468,101.00846,88.69068,68.5195,101.46
2016-01-04,179.77194,49.259518,27.573273,80.65876,101.56661,88.33015,66.56868,105.68
2016-01-11,175.95891,47.761906,26.59218,80.830444,101.12362,86.66163,64.94443,104.08
2016-01-18,178.52267,48.85597,27.405083,80.84001,100.59206,87.659386,65.666306,105.0
2016-01-25,181.4407,49.75274,28.563704,80.99263,101.1325,88.72419,66.16476,106.95
2016-02-01,176.0615,48.255135,28.040453,81.03077,100.47687,88.14568,64.89285,112.32
2016-02-08,174.84952,46.883076,27.395739,81.12147,100.84548,88.14252,62.12562,118.36
2016-02-15,179.86519,48.353783,28.25536,81.08328,101.085396,89.24526,64.824104,117.58
2016-02-22,182.86711,48.380688,28.087173,81.03557,102.12501,90.145966,66.18196,117.11
2016-02-29,187.8362,50.541897,30.666037,80.89242,102.00953,91.07191,68.63982,120.54
2016-03-07,190.03638,51.40279,30.965034,80.8226,103.57297,91.99564,69.774216,119.41
2016-03-14,192.58151,51.564213,31.796621,81.023125,104.90084,92.97611,71.34692,119.8
2016-03-21,190.35336,50.53293,31.170597,80.97539,105.06128,92.34218,69.56796,116.33
2016-03-28,194.94106,50.712284,31.90875,81.09955,105.934616,93.1536,72.727776,116.93
2016-04-04,192.70079,50.63157,31.189281,81.253296,106.5353,93.381424,72.267204,118.43
2016-04-11,195.70964,52.28163,32.301186,81.243744,106.8481,94.48451,72.458374,117.92
2016-04-18,196.872,53.393627,32.273155,81.12907,106.93748,94.493,71.09402,117.89
2016-04-25,194.46298,52.39821,32.13299,81.22464,107.53621,94.722084,71.111404,123.65
2016-05-02,193.85374,51.456604,30.675379,81.2342,107.09831,94.26389,74.3789,123.18
2016-05-09,192.86014,51.08893,30.152134,81.27148,107.549644,95.25866,73.34477,121.71
2016-05-16,193.60066,51.39383,30.096071,81.10896,106.563965,94.09185,71.2939,119.71
2016-05-23,198.06244,52.604465,30.90897,81.08983,106.79693,94.5688,72.71909,115.62
2016-05-30,198.1093,52.649303,31.656467,81.22366,107.83642,95.386375,73.44038,118.88
2016-06-06,197.95935,51.250343,31.329437,81.35862,108.67809,96.12012,73.60548,121.74
2016-06-13,195.58784,50.63157,31.086504,81.44469,108.516365,95.63273,74.422356,123.95
2016-06-20,191.41666,48.12062,30.507195,81.530785,108.88479,96.03463,73.74452,126.0
2016-06-27,198.84792,51.086575,32.667973,81.59775,110.57419,98.38609,77.77438,128.41
2016-07-04,201.41911,50.564907,32.48905,81.60733,112.08959,99.95692,78.73891,130.52
2016-07-11,204.4047,52.129906,33.609684,81.42546,110.9092,99.965485,79.01072,126.84
2016-07-18,205.76093,52.203125,33.873367,81.4733,111.13445,99.819435,80.47501,126.35
2016-07-25,205.66675,53.11832,34.099373,81.57859,111.72016,99.81088,81.062485,128.98
2016-08-01,206.63684,52.862064,34.48547,81.42546,110.34156,99.31265,79.20361,127.55
2016-08-08,206.92879,53.82303,35.295345,81.512535,111.80417,101.373314,79.11594,127.4
2016-08-15,207.03238,53.80472,35.40835,81.44549,111.506035,101.3043,77.61656,127.97
2016-08-22,205.84572,53.420338,34.61731,81.34013,111.47894,101.03685,77.31845,126.05
2016-08-29,206.85345,54.390453,35.229427,81.37844,111.43379,100.87294,78.493385,126.57
2016-09-05,202.05952,53.56677,34.570225,81.39762,110.33656,100.74361,75.48588,126.75
2016-09-12,203.07672,52.614964,34.38188,81.474266,110.255066,99.93786,74.50384,125.06
2016-09-19,205.6479,54.234867,35.436604,81.48386,111.29666,101.57533,78.1619,127.65
2016-09-26,204.90382,54.115894,35.267097,81.49342,111.56839,101.54934,76.581535,125.64
2016-10-03,204.70413,53.612534,35.493103,81.34969,110.599236,100.80425,72.5291,119.74
2016-10-10,202.84877,52.779694,34.730324,81.358246,110.44413,100.533066,73.350174,119.36
2016-10-17,203.67235,53.255604,35.40835,81.43494,111.252365,101.35095,73.6945,120.83
2016-10-24,202.33763,52.88952,34.77741,81.39659,109.76304,99.689026,71.02819,121.58
2016-10-31,198.47545,51.772976,33.835693,81.49248,109.70857,99.21049,69.58909,124.39
2016-11-07,206.10512,52.21227,32.53613,81.29196,107.51205,94.96527,69.34187,117.1
2016-11-14,208.05513,51.434353,32.5738,81.12885,106.15539,95.305954,69.677376,115.15
2016-11-21,210.91388,51.97432,33.195335,81.0425,106.15539,95.48939,70.789825,112.61
2016-11-28,209.11533,51.901108,33.072906,81.07129,105.98239,94.63332,70.63088,112.14
2016-12-05,215.6848,53.740658,34.061703,81.10968,106.08811,95.98498,73.46496,110.4
2016-12-12,215.57118,53.200687,33.101162,80.91771,105.540306,95.7043,72.95287,108.05
2016-12-19,214.88019,52.788857,32.28187,80.9657,106.20681,96.5639,71.35485,107.93
2016-12-26,214.19695,53.381042,33.346485,81.12994,107.27576,96.90931,74.394165,109.61
2017-01-02,217.67186,54.601604,34.232292,81.07232,107.742645,98.55347,75.98067,111.75
2017-01-09,217.43382,55.10093,34.937134,81.13954,107.82505,98.61503,74.46627,114.21
2017-01-16,217.15773,54.91599,34.689484,81.13954,107.40392,98.21055,74.94402,115.05
2017-01-23,219.34737,55.4523,35.689598,81.19722,107.42222,98.447975,74.222885,113.49
2017-01-30,219.71867,55.609493,35.95629,81.13954,107.15672,99.08101,74.63755,116.13
2017-02-06,221.737,55.609493,36.403965,81.25581,107.886696,99.75559,75.54796,117.6
2017-02-13,225.14526,55.94237,36.565884,81.24622,108.07945,99.70261,75.511925,117.68
2017-02-20,226.83034,55.84066,36.651608,81.351944,109.03413,100.47941,76.98123,119.7
2017-02-27,228.45831,56.339977,36.375385,81.06356,107.85913,99.8792,75.90854,117.51
2017-03-06,227.67764,56.45094,36.203938,81.07694,106.78045,99.17858,72.483154,114.72
2017-03-13,228.09656,57.542046,37.613617,81.1635,107.52601,100.171104,74.313034,116.99
2017-03-20,224.09802,57.458824,37.918415,81.26928,108.354416,100.79139,73.80824,118.86
2017-03-27,226.87778,57.597527,37.518364,81.29818,108.5293,100.75594,74.99232,118.72
2017-04-03,226.3136,57.162933,37.499317,81.20195,108.40967,100.71164,75.82769,119.46
2017-04-10,223.77966,56.95026,37.280247,81.46947,109.95798,101.50941,76.517784,122.6
2017-04-17,225.7877,57.30164,37.423122,81.5176,109.902626,101.89192,77.271416,122.31
2017-04-24,229.06746,58.99377,38.15653,81.45024,109.819534,102.47905,75.173935,120.77
2017-05-01,230.69301,60.64893,38.280357,81.325096,109.27503,101.82966,74.81982,117.01
2017-05-08,230.03323,60.3253,39.261414,81.4329,110.15455,102.67015,73.80284,116.83
2017-05-15,229.35434,61.129757,39.194744,81.4907,111.02446,102.625496,74.629135,119.4
2017-05-22,232.57672,61.074284,39.756706,81.47143,110.894905,103.134514,75.0559,120.54
2017-05-29,234.90985,62.15614,39.775757,81.4907,111.53346,103.598885,75.791374,121.61
2017-06-05,234.21182,61.314686,39.63289,81.43671,111.39124,103.56794,75.97298,120.54
2017-06-12,234.4413,61.38866,39.261414,81.47523,112.124245,103.60376,77.126144,119.34
2017-06-19,235.08197,60.232826,39.52811,81.50418,112.43973,103.361755,76.40883,119.43
2017-06-26,232.74883,61.264347,39.606007,81.446335,111.81806,102.519066,76.295334,118.02
2017-07-03,234.09866,60.92608,39.357212,81.35959,111.08502,101.210236,75.16781,115.28
2017-07-10,237.35497,62.316742,41.548504,81.53028,112.171585,103.02576,76.15782,116.77
2017-07-17,238.74776,62.53286,41.749454,81.59779,113.08332,103.75469,76.77199,119.26
2017-07-24,238.75739,62.758373,41.86428,81.60744,112.67396,103.64669,77.13867,120.69
2017-07-31,239.23764,63.38793,42.055664,81.5206,112.32975,103.70071,76.982834,119.65
2017-08-07,236.02939,61.969078,41.070053,81.7436,112.39227,103.87585,75.259476,122.79
2017-08-14,234.61737,62.194595,41.787727,81.69532,112.541504,104.399895,75.341965,122.3
2017-08-21,236.47124,62.720787,42.993423,81.73394,113.063866,105.14982,76.83616,122.74
2017-08-28,239.72757,62.946297,43.21351,81.676,112.690765,105.28533,77.303665,126.06
2017-09-04,238.40195,63.434917,42.955143,81.84215,113.39024,106.354546,77.85368,127.97
2017-09-11,242.19618,63.95171,43.624977,81.70686,113.184456,106.173134,78.22951,125.53
2017-09-18,242.41708,64.26179,43.424026,81.60053,113.14707,105.61082,75.616974,123.24
2017-09-25,242.95503,64.34637,42.878593,81.61021,113.38089,105.59267,76.94995,121.58
2017-10-02,247.27005,64.29937,43.66325,81.50391,113.11901,104.93055,77.14444,121.09
2017-10-09,247.77213,65.37057,44.648853,81.62278,114.01199,106.00423,78.52434,123.82
2017-10-16,249.91551,65.15444,44.266098,81.526085,113.52434,105.65824,77.46858,121.61
2017-10-23,250.45616,65.00411,44.151268,81.5454,113.383675,105.43968,76.19982,120.9
2017-10-30,251.1996,65.586685,44.342648,81.41968,113.59,105.09367,76.94995,120.62
2017-11-06,250.84232,65.09807,44.294804,81.45635,112.7259,104.610916,78.654,121.13
2017-11-13,250.66856,64.750404,44.801956,81.39827,113.26182,105.333015,78.39469,122.86
2017-11-20,253.04367,66.09408,45.653595,81.41763,113.94821,105.86315,78.67251,122.32
2017-11-27,257.06973,65.61487,43.864197,81.301476,113.50629,105.49752,78.33911,121.59
2017-12-04,258.0738,65.62426,43.95989,81.36828,114.0551,106.010216,77.8205,118.48
2017-12-11,260.47787,65.74642,44.179974,81.34887,114.818726,106.48735,78.79291,119.18
2017-12-18,260.1593,65.877975,44.49575,81.193855,113.744,106.2029,75.783066,120.94
2017-12-25,260.79324,66.76656,45.772327,81.34311,114.843994,106.875824,78.03868,123.65
2018-01-01,267.07904,68.70376,47.724842,81.27519,114.211006,107.44656,76.223625,125.33
2018-01-08,271.5218,69.79581,48.093967,81.23638,114.15432,106.90345,73.92892,126.96
2018-01-15,274.02448,70.39404,48.99737,81.20729,113.15291,106.38795,74.02296,126.42
2018-01-22,280.00958,71.4576,50.59047,81.12968,113.8898,106.80217,74.9446,128.07
2018-01-29,269.21317,68.89368,47.647125,81.00357,112.05699,105.04393,72.49002,126.39
2018-02-05,255.7685,65.13325,45.09235,81.193794,111.04066,103.25016,69.7345,124.77
2018-02-12,266.84625,67.82063,48.123116,81.02869,111.44797,104.16396,70.80661,127.96
2018-02-19,268.42743,67.74466,48.297966,81.05784,111.03115,104.007034,70.477455,126.14
2018-02-26,263.07288,65.92142,46.75344,81.019,110.12178,103.536285,69.019745,125.39
2018-03-05,272.4045,67.21288,48.327106,81.06368,110.28107,103.95188,71.07933,125.54
2018-03-12,268.99002,66.9185,47.80255,81.08314,110.91753,103.905594,72.00098,124.6
2018-03-19,252.04353,64.51601,45.548904,81.170654,109.929565,102.850136,68.94452,127.61
2018-03-26,258.57925,66.16831,46.899147,81.22896,111.51604,104.45182,70.9759,125.79
2018-04-02,254.8765,65.90243,45.73347,81.16091,111.212036,104.220375,71.476135,126.39
2018-04-09,260.1383,67.22238,46.209457,81.13553,111.427414,104.41839,70.89689,127.45
2018-04-16,261.5707,67.46928,45.908325,81.02846,110.007904,103.24798,70.31763,126.63
2018-04-23,261.52197,67.39331,45.908325,81.06739,109.865005,102.63488,72.53969,125.5
2018-04-30,260.96658,67.35532,45.102062,80.96036,109.245735,100.90713,73.394325,124.54
2018-05-07,267.4464,68.152985,46.044323,81.0314,110.122284,101.78857,74.33443,125.0
2018-05-14,266.21866,67.73516,44.752357,81.04114,109.18597,100.61377,72.0174,122.41
2018-05-21,266.96893,66.68111,45.102062,81.226265,110.23692,102.208145,73.81216,123.21
2018-05-28,268.47925,66.47219,45.004925,81.138565,109.78788,100.697685,75.24603,122.49
2018-06-04,272.87384,66.861534,45.004925,81.270996,109.737274,100.827354,76.15764,123.01
2018-06-11,273.1369,66.47219,43.936382,81.231964,109.88106,99.97535,75.673355,121.34
2018-06-18,270.7789,64.38307,42.66385,81.30028,109.25808,100.55585,76.71791,120.34
2018-06-25,266.06274,64.858475,42.365707,81.35884,109.80438,99.96599,78.06168,118.65
2018-07-02,271.38458,65.449234,42.44392,81.261246,110.389,101.36104,79.566376,118.86
2018-07-09,275.5159,65.65261,42.874126,81.36861,111.222275,102.54778,78.838,117.61
2018-07-16,275.7019,65.92378,42.98168,81.36861,110.789696,102.06827,77.70708,116.56
2018-07-23,277.40533,66.63077,43.695435,81.30997,111.08769,103.01787,77.18955,115.83
2018-07-30,279.5493,65.972206,43.22612,81.24156,111.03964,101.83323,79.623886,114.92
2018-08-06,279.07938,64.63571,42.228817,81.503815,111.225006,100.41528,78.349205,114.69
2018-08-13,281.008,64.28706,41.270626,81.53319,111.81313,101.028885,80.56311,112.13
2018-08-20,283.43588,65.19743,42.40481,81.58212,112.073456,101.38762,79.94974,114.16
2018-08-27,286.29453,65.2168,42.209263,81.59192,111.30214,100.160385,80.553535,113.51
2018-09-03,283.51422,63.367027,40.625317,81.38633,110.54046,99.68839,79.41303,113.23
2018-09-10,286.75467,64.6551,41.02619,81.455635,111.30987,101.13296,79.68139,113.02
2018-09-17,289.15317,66.466125,42.26793,81.4164,110.93271,101.65431,79.33636,113.49
2018-09-24,286.57843,65.846306,41.964825,81.47524,111.14548,102.19462,77.323715,112.76
2018-10-01,285.07483,64.316124,39.931118,81.27913,109.221,100.327225,75.99714,113.8
2018-10-08,273.3741,61.836838,39.39336,81.47229,109.925156,100.71919,73.6842,115.23
2018-10-15,273.61008,61.730312,38.78715,81.47229,109.32372,100.38603,75.9194,116.01
2018-10-22,262.62714,59.49314,37.809406,81.649086,109.546844,100.36699,75.025314,116.77
2018-10-29,269.30347,61.352604,39.911564,81.40355,108.40219,99.548386,75.84166,116.65
2018-11-05,275.2718,61.410713,38.91426,81.556694,109.178276,100.01746,78.329544,114.48
2018-11-12,271.12244,60.9749,39.98978,81.783005,108.74032,99.46294,78.5142,115.62
2018-11-19,260.8671,59.832104,38.8556,81.8125,108.65272,98.41123,77.72701,115.77
2018-11-26,273.34464,60.790894,40.16578,81.910904,108.47754,99.13786,79.67068,115.54
2018-12-03,261.15225,58.83458,38.992485,81.93057,108.896034,99.50119,79.80673,118.09
2018-12-10,258.00583,58.553726,38.9436,82.109985,110.06214,100.495735,77.4063,117.06
2018-12-17,238.29163,55.745163,37.66275,82.18883,109.6716,98.86321,73.15832,118.72
2018-12-24,246.5094,57.450626,38.943077,82.503685,110.19105,100.6788,73.13865,121.06
2018-12-31,251.50975,58.644863,39.389668,82.5333,110.81784,102.22471,73.08948,121.44
2019-01-07,257.7564,59.74121,40.4218,82.52344,111.40549,102.59418,76.462685,121.8
2019-01-14,265.37915,60.769043,41.23559,82.454346,111.816826,103.760895,78.114876,121.02
2019-01-21,264.81485,60.857136,41.880676,82.51357,112.678696,104.71371,79.12782,122.86
2019-01-28,268.9727,61.336792,42.436436,82.49383,113.59931,105.57904,81.507744,124.5
2019-02-04,269.39838,60.710308,41.840977,82.77221,114.29786,105.140526,82.72722,124.21
2019-02-11,276.35782,62.27652,41.771507,82.742546,114.17016,105.65794,83.68115,124.8
2019-02-18,278.00116,62.765965,42.71432,82.821655,114.32733,106.1851,83.71067,125.5
2019-02-25,279.4762,63.255405,42.168484,82.60412,113.43339,105.47246,82.34368,121.88
2019-03-04,273.42752,62.12969,41.324913,82.94452,114.71073,105.85437,82.47153,122.84
2019-03-11,281.42642,63.84273,42.754017,83.01385,115.15417,106.88361,84.34007,122.97
2019-03-18,278.33774,62.951946,42.108936,83.24169,116.8195,107.2659,84.79245,123.97
2019-03-25,282.82285,63.490334,42.595226,83.33085,117.32205,107.88344,85.47103,122.01
2019-04-01,288.6769,64.85098,44.06403,83.093094,116.8195,107.84422,87.00328,121.98
2019-04-08,290.37646,65.03697,44.02433,83.215706,117.63636,107.73973,87.21129,121.83
2019-04-15,290.21744,65.26211,44.22282,83.26534,117.20147,107.78895,84.67567,120.37
2019-04-22,293.66623,65.04675,43.547966,83.453926,118.249146,107.80864,85.97319,121.37
2019-04-29,294.20294,65.575356,43.88539,83.24549,117.54739,108.04485,86.8349,120.65
2019-05-06,288.22964,63.95041,41.66234,83.549324,117.826096,108.05363,86.032616,121.43
2019-05-13,286.14246,63.40223,39.98513,83.678604,118.2127,107.68795,87.023094,120.65
2019-05-20,283.02164,63.41202,39.6477,83.758156,118.68854,108.20188,87.22118,121.3
2019-05-27,275.60715,62.061165,40.40195,84.08631,119.77897,108.60709,86.06233,123.33
