,ARIMA_pred_IVV,ARIMA_pred_EFA,ARIMA_pred_EEM,ARIMA_pred_VIG,ARIMA_pred_SHY,ARIMA_pred_LQD,ARIMA_pred_EMB,ARIMA_pred_MUB,ARIMA_pred_TIP,ARIMA_pred_VNQ,ARIMA_pred_XLE
0,195.252081410056,58.34448086968158,37.648886085377264,74.52531150809243,80.6588469409283,102.4891115263288,91.28941160641519,98.39244815566342,104.82844161469934,66.04492651109724,69.23382882668774
1,194.08971679119892,57.48031423748349,36.67203875390554,73.81096103282583,80.53666768452116,100.93034473233536,89.55758011585809,97.79710822476132,103.38857594902268,64.38267607460557,68.6378499443574
2,194.22687820698164,57.91562090022179,36.776606856485046,74.04521235234081,80.51834181471182,100.65672807868346,89.08444761697166,97.90024404205809,103.17326516224955,64.41286748708234,68.01075399000953
3,195.40402660201494,57.81380204960484,36.62165407681359,74.61240906862575,80.63649459997856,101.23431828506494,89.72805210058945,98.32914043677172,104.1358005271643,65.70689570462936,67.06844054794321
4,194.12374788176072,57.559745322905215,36.52237200644057,73.72608637592928,80.5906318791467,100.20522213260162,89.65367459243069,98.16233439076302,103.38470070632478,63.63897834083435,67.5837710948172
5,192.9172250515665,56.9998966679902,36.625792271035024,73.37248674023856,80.68084474907589,100.29860961839897,89.60918807143429,98.08080365692494,103.76017069695224,64.24891088432666,66.19719024613218
6,193.0196022718144,57.245821342405485,35.445193386911875,73.71892787157793,80.70904237843195,100.34871065398,89.86670615696372,98.47634911390988,103.6402887808823,65.52380708656703,65.33362352808426
7,197.0745707612433,58.09322831370801,35.64765503513443,74.5519350464885,80.69133809512728,100.60478323503598,89.76685130267866,98.80443669611014,103.72002034351206,66.15287961791131,64.43230444149945
8,193.65204608654153,56.955986718086464,34.21815629968671,73.23120154646003,80.67433969669514,100.9791696940197,89.21036561369256,99.16022197651422,103.83946646324337,65.86166065352835,61.88652148807711
9,195.45299537163953,57.64345194906868,34.10958286992615,74.11837426482262,80.71892841376885,101.37574592523673,89.61528817131638,99.30711678050439,104.29691924299632,66.541582295445,61.7595057394366
10,193.53386264875837,57.53686078546699,33.5048770182097,73.70597867132282,80.63093730869848,101.12762251038471,88.878346182036,99.0619702287694,103.92951043909667,66.42941832744523,59.60719997140653
11,194.54818790075382,57.031169659202284,32.675132721285685,73.95596476029225,80.62976106790451,100.94564821260738,89.038095151879,99.1803357017024,103.51803844033131,67.19897992654164,61.63248283525091
12,185.24728000389118,53.581824703453535,30.28059624925247,70.90678392389546,80.75685925689908,101.35326437650323,88.09852274611654,99.49204276552756,103.8196608940427,66.02894796253406,56.525560915034774
13,185.72695893905845,53.920884704559725,30.950039212252022,70.5875110924087,80.73560851233688,100.98648737619381,88.48605952848746,99.3036288365626,103.52661654330866,64.15443780743855,58.391164213002824
14,179.8060031616395,51.60439864220109,29.77957985686809,68.65999511525062,80.71761221810684,101.36425441238434,88.46590355903493,99.26839049843792,102.8267881043054,60.83232299804944,56.7185600035321
15,181.61342162992,53.01382738987184,30.55936927926463,69.3688175990412,80.75034056487179,101.43035574489164,88.84823447672548,99.19175942404507,103.02455148278361,62.61772790408953,56.29766693952701
16,182.8050120330463,52.577212830041425,31.298441081879023,69.24220543553625,80.81411622561762,101.83911849464786,89.90459335435033,99.40150511574357,103.26890779866498,64.44294995739295,55.99994609678591
17,179.87282360795427,51.39936276803843,29.780853979923943,68.34436080424638,80.81698633633674,101.62240148418877,88.3869828488752,99.59800655714743,102.4771691697047,63.72747055107066,55.7791358181578
18,182.1472674391821,52.20276097158529,31.113813795247054,69.42117021794148,80.95138193653229,101.85052816318809,87.98202631396711,100.0559667256547,103.57277369192151,65.17017619336835,57.016788416649845
19,187.69851404533176,54.37603075290765,32.981779184547115,71.74165263022131,80.94372142123231,102.13850922160447,89.68722350718593,100.08909628164291,103.3899815870997,67.17705426634205,61.38629152973066
20,189.71813241849188,54.64918824546771,33.41544777325004,71.91434953387454,80.96353314157395,102.75017398075896,90.74929290216991,100.1355301382216,103.5167474958708,68.02685103990177,61.73125018740891
21,193.1045371125423,55.3322453662299,33.36441685644268,73.3485666938345,80.9536861678859,103.03491800123612,90.58840900760865,100.20436633122668,103.37718794583475,68.60080214282597,60.94332626421808
22,194.08965224493156,54.56809964594443,32.19453966549158,73.20069435046116,80.85639348399573,102.52260770501277,89.94748404835178,100.35420400117579,103.20752874202984,67.98915646422519,60.76654200784396
23,195.69310036380938,54.389698908478096,32.404770998796145,73.33885654350267,80.64555012679102,101.20324363036231,89.62269173007398,99.7648387703749,102.16129708559346,66.69557860558851,62.28989906323559
24,190.06875871340867,53.02279833629161,31.02313679306785,71.18816801476541,80.69150026408984,101.41991145640209,89.70460640644683,99.92351444695338,102.00806426164628,65.28737980556338,59.077877833754584
25,194.06545513793932,54.296496401798166,32.12774925904186,73.11620696920279,80.65360416760181,101.92547143605738,90.5567830825317,100.50157231361928,102.66150970262674,67.41044129186051,59.803945643682994
26,196.08209779180933,54.18461959344415,31.457326274256992,73.74240127225845,80.64943764288978,102.14807772038752,90.4741159819461,100.82535938745758,102.98297791427905,68.05549685555503,60.54246386451523
27,195.14273235578045,54.289522139945774,31.019630025222117,73.94147392479437,80.60096916440833,101.76573036341318,89.40003824894102,100.75015473600713,102.69545385360345,67.39236567276875,57.95716838880718
28,189.90821095942835,52.10494563648993,29.31472999247863,71.82169881827261,80.65496645282151,101.8405341102683,88.00884360412363,101.2986192145603,102.57750981009795,66.2768698051603,54.264036163244086
29,186.98369216304343,52.12986814208821,29.754738443562278,71.27167698232482,80.6229996356639,101.38921427231745,88.37537229475105,101.60830152834913,102.14792472934619,67.35296793995342,52.72629541574123
30,191.74668794865582,53.0270348426869,30.578680635973434,72.67437243520207,80.56066996734604,101.29160710665425,88.50479277198906,101.47723952061232,102.06377491959991,67.64701469291734,55.56883251180888
31,191.5069313530833,52.91275509083014,29.929584482729357,72.67175593608891,80.51264289686235,101.17942043681718,88.75212353799506,101.83122076903555,101.94684098675391,68.75611347015189,54.448315211489586
32,181.95603732477116,49.59276956133941,27.878878429311463,69.51113310523026,80.63931548025809,101.56823660740758,88.47711271517704,102.41649343524615,102.55013649975933,67.02600671438842,50.72119433224648
33,177.5491127618128,48.06691902844919,26.403946162558483,68.21821286475705,80.79926698297656,101.34731344944704,86.91125732195432,102.56276996589739,102.45030344031666,65.49168461095432,49.18328260043012
34,179.53168208127383,49.05916805848461,27.507599021945158,68.95875939052873,80.84111551001239,100.79348728598254,87.5665206306547,102.48911476256593,102.26404840622163,66.12412232559377,50.343917229456856
35,182.2258352262294,49.88453336217508,28.40899127033522,70.94105579360115,80.96006115216078,101.15208141352484,88.73866917998949,102.6584977010033,103.34062095728676,66.59767703787026,52.453888630829205
36,177.50947907360126,48.43748896083517,28.204427308932306,69.77701791362688,81.02172010492214,100.72558213761077,88.34153551089315,102.78173610086472,103.47045091931331,65.44246713388499,50.44674085579318
37,175.96526446681946,47.09064680393805,27.29623931520395,69.56515007669887,81.10184424161939,100.87993382611782,88.21769498009657,103.13518379508368,103.74085849656187,62.83334101722634,49.89542108899325
38,180.33284576004812,48.4585365721676,28.293679370484934,71.13021193324649,81.0961418891705,101.1695968905355,89.21804675730868,103.08435186701426,103.50626051318608,65.2834357906038,51.20835341685326
39,183.27631757985682,48.45254261289361,28.06430062458793,72.15678646416086,81.05849935048927,102.03933504305425,90.18289876855103,102.76021473029562,104.32377747278849,66.60577740568375,51.5497692229121
40,187.90433232044546,50.516747363270426,30.54847644437892,73.42276146547975,80.9472235805314,102.17206306640387,91.1095990096787,102.1515337870768,104.54835808056988,68.90337870506332,54.8062189551988
41,190.15582420668028,51.61361045779505,31.055316107111324,74.24850343382563,80.8699363274927,103.37655337633093,92.04231522651448,102.23325245990327,104.2506825737551,69.98559841864396,56.03718840190729
42,192.61239765897187,51.79467130186022,31.696319280112547,75.44171398601388,81.00405858150368,104.82237483498906,93.02587307026911,102.56266295483677,105.31959290471362,71.45197373137627,57.084447246904354
43,190.72352412582438,50.5641454878982,31.3091499220516,74.75908952113727,81.00412818969131,105.15776223875146,92.55068568554275,102.63930658287639,105.13050352224346,69.84084717611347,56.06713731204609
44,194.8020118430085,50.743252933584166,31.77611488223752,76.5543459884494,81.08796723143999,105.91113721728021,93.15326018864756,102.88190837176447,106.43249415059744,72.69539815944661,55.42997046974053
45,193.06925433226542,50.67167101199619,31.359909947541563,75.88264189893441,81.225082616032,106.57275690235036,93.49359175299836,103.71239768330166,106.81553941404661,72.35350869516856,56.60318628347623
46,195.66803536691313,52.43629552980179,32.12006039875847,76.6052286592574,81.24944015947162,106.92744606451744,94.49296921312073,103.98531243215547,106.41117178989515,72.52602422559232,57.625455186096865
47,196.93032291560857,53.54705303638557,32.450037643185134,76.44910976597511,81.16780191673108,107.0583467745169,94.64777059495925,103.77809686514212,105.86745162475304,71.30721162826973,60.73056391638999
48,194.8718874092553,52.64439127931534,32.025047940713584,75.93781704512418,81.22103335769675,107.56259436602181,94.81134600277967,103.8257377627011,106.65600012285414,71.30112572303828,61.13885371998275
49,194.20822716230967,51.50950140393506,30.86075809529738,76.19788790014012,81.24635723607301,107.32120395030987,94.42656504807553,103.9700967832274,106.54692233194832,74.26089485950097,59.21204237845092
50,193.31249021839656,51.170757904032264,30.034473620007947,76.10413514721769,81.27792027492258,107.58583589080443,95.24579632307598,104.49345672220957,107.0842528847791,73.4170652836726,59.03885481915539
51,193.92670755916646,51.46040098529079,30.20102005993293,75.67612660115847,81.16753750824043,106.89359552575206,94.36414803057434,104.33947251768295,106.18141070909958,71.54762560902128,60.07385361320764
52,197.93468208923048,52.607446059303996,30.798410664948133,76.7331738499771,81.12581552100703,106.85093480012692,94.57424539630732,104.06774971148731,106.293835250915,72.79059193203416,60.909347691730524
53,198.26418516844697,52.64516796852697,31.735351250977036,77.03675884289665,81.21972834061178,107.80457123417924,95.42379186934731,104.16101658048962,106.79237204800937,73.48607145118663,60.387711212980264
54,198.165694240076,51.33156866659352,31.31174826443875,77.5538146784269,81.34164299957322,108.66850172872077,96.19009825863156,104.82752142888619,107.56220348712185,73.66326662716565,61.15353851064529
55,196.08332538047725,50.76243149957405,31.12814775953374,76.95511337874116,81.43052985990609,108.69385178883336,95.82628621543007,105.40609713338708,107.32954730810557,74.41172381435024,60.72278430424359
56,192.2680441387201,48.349107574178305,30.516459107192453,75.68170097754437,81.51368675784977,108.94197650708315,96.08348193506691,105.68738779353521,107.63219965703087,73.83395531497489,61.03633574015972
57,198.58883080564013,51.1666684695271,32.56326799148527,78.21605878392376,81.58361460127591,110.43195990032126,98.26979856371966,105.77263327732436,108.62684024269979,77.42952553963016,62.65372890802253
58,201.31658654830002,50.645114544139865,32.625559445818105,79.43432121004199,81.60772278560381,112.01197933473378,100.02877069167712,106.049125085466,109.60801521247238,78.44651945364147,61.84490471566294
59,204.1498361084498,52.1082663491452,33.465782787321075,80.42269730689195,81.47844607523223,111.26322832730195,100.15622591261638,105.65429808523416,108.86693825477803,78.73483976188332,63.23865534197956
60,205.57014061621612,52.19341643107029,34.01395661093331,80.65445813421482,81.48761714157264,111.20658963698781,99.95617620394607,105.40990385186929,108.52664428303214,80.09898738192263,62.420847475905006
61,205.60925279661035,53.259432896900556,34.013653839320426,80.3204379240807,81.5740643422471,111.78435702120638,99.92409109896148,105.69064708671804,109.04483142304007,80.69800385395527,61.62068423299755
62,206.52549967512715,52.848873345828075,34.56787542708381,80.68902613295677,81.47902388775785,110.71461654782792,99.47386770955545,105.35233286247468,108.21468567211822,79.01797436940788,61.764753286810766
63,206.88621119167632,53.94446674853071,35.23161398004422,81.02026034011585,81.52006788922006,111.66983989130003,101.27890529519726,105.6507934140158,108.79774462270419,78.9079068348759,62.788153678458194
64,207.0404807544577,53.97072687771317,35.50109781679051,80.87994230972406,81.48448235264715,111.72610770237131,101.51004049266587,105.8435341809244,108.6994688123964,77.55114336869303,64.28918190278709
65,206.03059418246133,53.611980775218704,34.62298358545047,80.35015412514987,81.39549072403939,111.60822088193491,101.18474590778213,105.84701478001938,108.5742582941067,77.25797693031608,63.36808186076354
66,206.90359487083165,54.497193215527865,35.22004153753659,80.72820731000948,81.40510947725276,111.59484990555943,100.99920494980263,105.5738801838723,108.39287604109279,78.32921166249561,63.15101199052091
67,202.73751975277784,53.777137350616776,34.65455353610973,78.49764516140188,81.42344393442752,110.6669384589852,100.86905637164062,105.46238487662646,108.31760591185953,75.65547966332774,63.7099899132522
68,203.4085269714991,52.85093172420303,34.35337257330312,78.15968208373565,81.4825170776585,110.40114907488467,100.12530131049215,105.19466357596684,108.19161898696984,74.69645646752207,61.704200765327194
69,205.76163196482614,54.311653060801476,35.436561567386896,79.50242859721818,81.50221491472202,111.25026207354644,101.50707221650906,105.19004913749491,109.1797710038365,77.9707791381726,62.26768211386831
70,205.260094865707,54.27991854920848,35.322235720029724,79.59712353472743,81.51196931038241,111.66583148345259,101.72920852924696,105.27762353256892,109.51760821977945,76.67346214756618,64.88239473661592
71,205.06819782351639,53.8074061688948,35.47493964911085,78.72265124629534,81.40782173281464,110.90831804117005,100.99882292573767,104.67794190559871,108.97939898480234,72.97890737907201,64.83143324447146
72,203.43311361822558,52.87195040192151,34.82263481483725,78.1365842706788,81.3903477238494,110.6023286471278,100.65444654331944,104.20571663552195,108.69064156138414,73.63798060775116,64.15525312519749
73,204.07949062201183,53.291575244268365,35.330274174642625,78.08617361621822,81.44686168028903,111.24762930829208,101.38238344132438,104.28377405118904,109.17167859408217,73.97449931630615,64.54380328381815
74,202.9507309815296,52.96695119357272,34.91421894172097,77.94476246073994,81.42978446213023,110.17182244046764,99.99776359426968,104.20877402185687,108.86227543805371,71.596421276084,63.80772996654129
75,199.44890008475656,51.91595334670425,33.809342194665504,77.2240757808151,81.49485519077535,109.84410880260913,99.32356643471479,104.24971088165621,109.06015908710171,70.2215058830897,62.398228211780314
76,205.97640389651698,52.289949928227315,32.64174823387666,79.16100456503622,81.36236494566451,108.0396711213222,95.40706020763675,102.94726273707245,107.73230664074973,69.96697388998454,63.92010364009078
77,208.15370163000608,51.576908761071635,32.49827393410214,79.88395777578779,81.20590032536084,106.37454690068306,95.1450296200441,101.57079860042485,106.86457580966288,70.26895651278603,65.34998494721462
78,210.8128723832054,52.05140241268317,33.24791058539348,80.78515265992863,81.10826587420581,106.13658629935306,95.58910210304605,100.86203963310534,106.4706605970976,71.29619401367331,66.75557956422773
79,209.40684840522658,51.99894063079327,33.071674087313156,80.3737918339488,81.10992907870757,106.02107528776875,94.8107391344637,99.98872438828244,106.3166285965103,71.17018286097235,68.6614583097503
80,215.13244766988785,53.70478526642268,34.03951929873445,82.05718814517459,81.13835097416802,106.10741541859431,95.92183994954759,100.99204499968694,106.35895034020216,73.75835735426162,70.27144405913997
81,215.46924905659372,53.26691716600235,33.20828989308559,81.93123712140229,80.99321406877485,105.663933790861,95.8921233199157,100.8917122120954,104.99469322069095,73.3489931629912,70.2202297215534
82,214.9051095418957,52.866561953991614,32.25803214094591,81.42280831888544,80.99437590924609,106.15473905230358,96.57864665857653,101.15152477144936,105.89067185719053,71.89305345212242,70.50934501999632
83,214.3104442531037,53.40349302315389,33.32486325625784,81.30992588933233,81.12436514363847,107.23270445980272,97.02399853420157,101.69687771497948,106.4992616558381,74.61167827242897,69.6081805368474
84,217.3778772040415,54.68108310295975,34.239947410084504,82.1157241900986,81.10464176600912,107.83573027116223,98.53652889252261,101.92609989772231,106.95868164014907,76.12809229924753,70.16967016153745
85,217.42318817988905,55.206419883565715,34.936736913028874,82.0374547211149,81.14685594445805,107.97106905594684,98.80910705922783,102.59318086877308,107.38382682861601,74.8033076251767,68.79249897469336
86,217.21446373691236,55.06068929898057,34.742246757775966,82.26976087662703,81.15767944373859,107.60449190129036,98.36254629760045,102.06564337883316,107.25473836804717,75.2089140503083,68.97170508365942
87,219.17490344095972,55.54822637319786,35.63196672090748,82.94628031620127,81.20232674445404,107.52714430683862,98.5108873039892,101.79662903022755,107.45514163780709,74.57841203851497,68.66907946526007
88,219.6826559136206,55.721205828536625,36.03502451657511,82.9454909044121,81.16890340216577,107.3045250630975,99.14092231113528,101.73323405979293,107.33981755891071,74.9429192841481,67.91525229094212
89,221.53797365428088,55.72978663072992,36.36292775630745,83.86773131099406,81.24865007126208,107.8775813762578,99.83796039201872,102.089591523037,107.65438669554216,75.77983628328951,67.81025985912268
90,224.73739959237508,56.03826821340701,36.63522243024117,85.38670865096755,81.26140096809512,108.18539374945304,99.8528463003484,102.0783815344806,107.63234300413966,75.77653029300349,66.60799552849892
91,226.5072225352465,55.96164437080696,36.6366574714935,86.3681027727761,81.34190955269023,109.02620648725977,100.52066145533539,102.48288951224221,108.30613614428084,77.10491327042747,65.72805018507192
92,228.13289385767123,56.419010313985346,36.442056316798826,86.60677474252782,81.14480350797453,108.19774812945313,100.08136258839713,101.95328081828706,107.49033534628568,76.18648890291536,66.62216603191972
93,227.59702486713425,56.547573136590074,36.19730966542784,86.54324056691247,81.1073729724118,107.02648775442255,99.317316935776,101.65216397550881,106.72401526639536,73.07345063579874,64.78351761605718
94,227.9888316876612,57.56269392590491,37.58976803328909,87.02355993046086,81.17219429934002,107.48055295737345,100.1509574590117,101.96911999421316,107.20008853052141,74.66047991263375,64.61733342506504
95,224.49087811878198,57.54168505554192,37.981443844421456,85.87716545222054,81.26469772776154,108.35611728557082,100.89004350382919,102.62728942115673,107.78743631172651,74.25812264089778,63.83768809155445
96,226.77440131694092,57.66683215919161,37.53817813974709,85.71558807148492,81.30425182008234,108.62682875182921,100.90229118117145,102.9060852233902,108.07650237014448,75.31239185506311,65.04637337988028
97,226.48415295677898,57.27307927498701,37.52593038317408,85.74391073659336,81.23843026051294,108.54421964050606,100.82539389570283,103.03849073289153,107.86949479374557,76.10076904769514,65.42066785915819
98,224.22629829301408,57.055884531325574,37.314026513200666,85.06177203482873,81.42538613558558,109.84810037368382,101.54638238618192,103.64981123205288,108.6753981695777,76.7489999053984,64.46475690844369
99,225.88509532164952,57.37084477703837,37.431807230194416,86.16173044499402,81.50733382573462,110.04892216721493,102.00665456401725,103.8910269284847,108.34361317411347,77.45029947057992,63.107664089060904
100,228.96724027287516,58.91181496108962,38.161529387217165,87.44124502244023,81.46928794305751,109.94283971557411,102.56206928063499,103.50649268518362,108.61247240420964,75.60512469529924,63.16644809622658
101,230.6480801101658,60.50576071564592,38.32470478286061,87.84132183997595,81.36826238352684,109.48198632978968,102.02762995085071,103.27915930106843,107.55925931440053,75.23640322403115,62.652699940602396
102,230.20140154298537,60.246475054257736,39.2311042563054,87.26242050389459,81.43174843030201,110.13292838836757,102.67765015442903,103.69900919928287,107.72434814749548,74.3178165013543,63.044482055872585
103,229.60405353130704,61.0344517683407,39.28297501005072,86.96604900196128,81.4920917122025,111.03484155859898,102.7789927647826,104.36004308512061,108.29514496466385,75.04096789714421,63.31991167453109
104,232.46835757731506,61.01990729435861,39.71287790237188,88.42434360719416,81.4885607019927,111.03601124008725,103.20249759436327,104.72658759070477,108.30754334563574,75.45142111129165,61.97426780852826
105,234.77323592897625,62.06619620694492,39.86833718972642,89.88321298406402,81.5024697605223,111.56228842808316,103.69570662437305,105.00242333589357,108.64938496010564,76.12987940128156,60.614887270216414
106,234.3342308339664,61.314204015209164,39.62160879597187,89.67622847206721,81.46632271223044,111.54288144269302,103.70917223783941,105.10351271999318,108.35010685264099,76.31833789656629,61.83036246084947
107,234.55378351997777,61.39462848155293,39.33839049522969,89.77573676651951,81.48812632947367,112.13411205153531,103.7142905682977,105.12865586228902,107.95807085201945,77.36566097193328,61.66199670580195
108,235.18393700867972,60.31347355612508,39.50326880040789,88.78403106301187,81.51613959606733,112.52996642322609,103.4970879166878,105.21081568963724,108.36147373608674,76.76001538748491,60.320216719620554
109,233.18756403887613,61.27815650454801,39.6765947321663,89.20007389692783,81.47801540029575,112.03189759515682,102.6912954259847,104.64768916495159,107.71372959652831,76.64664027501676,60.836487947573865
110,234.29365516217487,60.98191301174607,39.367092251649495,89.38311603465901,81.40429559213692,111.31041824889803,101.38144282797728,104.25668522015604,106.89690338207154,75.63749486755707,59.9695929619392
111,237.2966732356065,62.28308803390696,41.48524701969495,89.96948826386493,81.51875459089932,112.12930684546888,102.90549659624693,104.83807480895683,107.4136664479323,76.5032704858629,61.24860681693337
112,238.75214499178978,62.52025017096822,41.86844019508266,90.1931898011548,81.59495159142102,113.08759691320768,103.87804212799742,105.50446933488686,107.89831246933727,77.08790205161979,60.94609580700683
113,238.88542350594605,62.7519804758229,41.83028099304462,89.7942757577086,81.61506710401261,112.85949216382797,103.80444717140787,105.506635809402,108.09772730028762,77.44039836934623,62.20456145042359
114,239.36440997874658,63.35987529261501,42.135212351462634,90.01521788256225,81.55413112612139,112.5014120826204,103.80574925144207,105.48829338923386,108.08162859081942,77.3178300419619,61.43159769279956
115,236.5817611247656,62.06607998016149,41.118784748187636,89.4130392252458,81.71052529745313,112.506314690853,103.97454332672403,105.97894286527477,108.77386490071775,75.77225345426919,59.91123163273102
116,235.18670107525165,62.26033043135047,41.76592452080452,88.76414776072198,81.71025385442049,112.64435193696441,104.47420816359087,105.98706533557004,108.61925992998981,75.80552566666992,58.45129369251855
117,236.78728710506948,62.75692990291849,43.0187212299565,88.75497867935186,81.73643349780743,113.11300618197156,105.22136837342863,106.0726080633858,108.74882703016885,77.16026431518493,59.07312026210845
118,239.80242909540834,62.98109742297109,43.257639920030215,89.59989369380592,81.70185569226896,112.87248343514997,105.42130418730557,106.04388626200534,108.72650464932826,77.62496200722315,59.550876949843264
119,238.80763796336495,63.44787188209336,43.00083237237905,89.68580366540878,81.81966871592442,113.40744918793933,106.38670514804069,106.53796165705465,109.84082269172976,78.13845628418318,60.278476852462674
120,242.14414454832456,63.94766542277776,43.62215242319871,91.01784300223014,81.74706302055394,113.34801966684388,106.35263976352583,106.31097284355272,109.38216120570733,78.49745319924806,61.58574871255927
121,242.57015600819963,64.25919700723644,43.50807732190762,90.66505093425116,81.64909656674426,113.2701230365876,105.7701402202756,106.1467291383347,109.04174914592939,76.16710976992513,63.63785243799192
122,243.10776046978262,64.35928929901524,42.9045715312607,91.62282126612442,81.63917963671722,113.474839143309,105.68445260535233,105.87767927088969,108.52278666731046,77.30122568575622,64.82382694885695
123,247.0139554729581,64.33211215578545,43.66735397026231,92.45079066169527,81.55836026623508,113.28053612812184,105.09742922351242,105.6708009977217,108.33033045278823,77.51944405741845,64.46629913391806
124,247.73757984420914,65.34125175334621,44.672182457379265,92.80696204866213,81.62880746013742,114.00328163407652,105.99547412614714,106.11653057337624,108.91169102532069,78.7684636275873,64.59062926079042
125,249.74473718022026,65.17306291988275,44.34315524888916,93.8647524790681,81.57264142901447,113.72863339275082,105.84809708168378,106.29669057241234,108.41738638907785,77.87243659401366,64.2673719300176
126,250.40666907975452,65.04705122697193,44.16478428426272,94.23826126141951,81.57070891488615,113.52222860507074,105.56019121668113,105.92261384205273,108.43564600682573,76.7078502695832,63.88862292173867
127,251.16926185378603,65.59862219099959,44.392200050981224,93.97330952024461,81.47739385126589,113.68622095343731,105.2259934211344,105.88384064112009,108.75640661803843,77.34957611485498,65.14956056492973
128,250.9542171746993,65.16513391465192,44.32935900932504,93.8887740108574,81.48219328369477,112.97720278632679,104.74765518678326,106.09050637636273,108.83378782355406,78.90831872913267,66.03164181301952
129,250.84052378827607,64.84279634429028,44.82096914685361,94.20930078485281,81.44108411521592,113.30001593452148,105.35937374773033,106.07053612887078,109.17925251034548,78.73026925151241,63.95159087928571
130,253.00301779907105,66.08944790797773,45.67384628903557,94.93722043242599,81.44366738541585,113.97204345444972,105.95911989731543,105.61348838300374,109.22621418951947,78.97905905316811,64.44268693802114
131,256.7846507291259,65.67500599249689,44.015446081383196,97.02335251739947,81.35665311776172,113.69679176380062,105.665383822167,105.4948119625641,108.83852959718203,78.6956784428961,66.08936760350946
132,257.9581465629339,65.68672194593265,43.9025798457464,97.661214131298,81.38509450942463,114.09437667476524,106.06368783992859,106.05783445887946,109.23823415129907,78.22775698405981,65.67382049353225
133,260.25518189059443,65.80635841706749,44.28180989774296,98.43638749695131,81.37866233863072,114.8298626911304,106.5792314267239,106.37580495432921,109.42383928815481,79.09099515092342,65.18863742116545
134,260.16819048678906,65.9361591768481,44.46891729691765,98.42029563400006,81.25670882703945,113.998523107868,106.36204670455339,105.7558705599994,108.93396348695602,76.43695145404885,68.67432334473465
135,260.801350776918,66.76886665866657,45.80097236027244,99.05347611637671,81.34053411906955,114.85674765541428,106.91967697646109,106.35441573700277,109.57401942314074,78.34434213516565,68.86888122712686
136,266.57573442036966,68.59829095967316,47.695229569893215,100.89213930155083,81.3120529438317,114.43912870219887,107.53798058768822,106.36568814686987,109.4841246359837,76.83631813392664,71.47226974988334
137,271.0563909892324,69.67729334544816,48.19838875135353,102.40551292812508,81.27043660386792,114.38067927792042,107.09108992273114,105.91076570099959,109.13386307262621,74.700748304265,73.78107335869639
138,273.6962174017927,70.29560326982707,48.96507730090142,103.61087936531833,81.24007226617306,113.43781770602624,106.52653443405205,105.80701115905373,108.87061173730018,74.68472703721264,72.80854954964447
139,279.5378842973528,71.34947773020727,50.651700798099085,105.61800696393759,81.17435450548415,113.88515746973128,106.85712144713355,105.58098157350449,108.97462017517361,75.51676121111855,73.9644271654318
140,269.9629140221561,68.98873437165581,47.85252259035391,102.06613380759597,81.06244681490614,112.49667575388779,105.32563574504002,104.63088855318514,108.17702543127366,73.33691319205646,69.23348263244966
141,256.6924765089707,65.39501835352873,45.095005898444526,97.20767475080764,81.18105823848316,111.29034143799221,103.42541513276164,104.5334187232697,107.40629631974237,70.66973467765659,63.81175048878633
142,267.1167057481923,67.97299895106049,48.015661754267185,101.19540750636486,81.08708081119534,111.505690222894,104.11558217286125,104.63550128039513,107.4747598200006,71.53831687964193,65.38430602088673
143,268.71065888084297,67.85706698903468,48.42701683469319,101.11200572431548,81.07817060641247,111.20876919838851,104.14752098658268,104.65178570465771,107.55802840800405,71.25242056939094,65.86286253412771
144,263.9212076813496,66.1519319984486,46.819656487934694,99.27713995259678,81.0514995319607,110.37110243644385,103.67705301162928,104.45565046179722,107.82448457376195,69.85357356023627,64.01682640505824
145,272.19655334665146,67.33703232544448,48.27232405335306,102.38258089561515,81.07622083860511,110.36327312802815,104.00322486169685,104.54886398883338,107.71058614638069,71.69149743562168,65.48103039445391
146,269.4628258951602,67.04972648145882,47.82960117068218,101.19475842451463,81.09745160846845,110.93591915979707,104.02537326998578,104.75209713813756,107.86842222644819,72.62580694021726,64.30884002345606
147,254.20507734225774,64.80533310765487,45.687465365159746,96.71743189225029,81.16630749252651,110.19387647635122,103.04082529794584,104.84837845159463,108.1748841321385,69.32368913630623,64.27605666541089
148,259.7542117681969,66.3026502285881,46.89276274191818,98.54479160480973,81.2265549352414,111.37082806463562,104.37783065364293,105.15023188154059,108.62168546737047,71.15040348525622,64.8692973603629
149,256.4082908193836,66.04479798152278,45.84462523873228,97.60913201793102,81.18806874594662,111.38402313778218,104.39511063254582,104.88612685686812,108.53967371040282,71.28460145817566,64.77937734854443
150,260.78579744051376,67.25396347402547,46.24376344342123,98.69896212196711,81.1586001754981,111.49852730020964,104.50815231604429,104.89620378162735,108.98425060463275,71.15031396552753,68.65292145908059
151,262.21602516272094,67.4990734231207,45.98043536513089,99.23158172908295,81.07388756059576,110.35949838829478,103.4618036274276,104.68102657409533,108.41412817279985,70.49944332394169,70.34605671603146
152,262.2240021781947,67.44334178131949,45.96750070549092,98.75597038025775,81.08293367142655,109.97712667831712,102.74614299596504,104.3920267084808,108.51372986425314,72.50456050078397,70.83795335186369
153,261.73479337598616,67.41784807333843,45.21173171902889,97.75963968098971,81.00742772376519,109.40542987886096,101.10936912071335,104.63986933801424,108.0989361848616,73.24443046895445,70.90688998096486
154,267.3311164068297,68.16148563177194,46.05699514639276,99.50193406212603,81.0397777408063,110.07197242664333,101.73350524576202,105.15026782351916,108.4893633033193,74.39205529888687,73.72050868895279
155,266.59727379497804,67.79681905079079,44.89261817964431,99.62934130964169,81.05788627525689,109.42132906875655,100.83564430677559,105.04197746917612,107.90171184190154,72.26695939263459,74.99520361307339
156,267.2491061092981,66.82971865079082,45.155265963000886,100.30084491358232,81.1980591536018,110.12955969060467,102.10652976177043,105.43740844485255,108.37804329245655,73.98586883981498,71.59575462265812
157,268.64135634807934,66.62399681242499,45.07968016847491,100.5293022453699,81.16694925888592,109.96262610172555,101.01594707425102,105.4301835132199,108.37328594091652,75.01249207146938,73.48898851389305
158,272.5806457936236,66.97090124946723,45.07343683464447,102.23006763021093,81.25245354779587,109.83098040645092,100.83937879011772,105.66499496554653,108.67580613705462,76.53443062860697,73.92806499816993
159,273.10352131846975,66.60736989719446,43.959141034637,102.30148436501219,81.24949709057886,109.94368688179875,100.15039334345006,105.70975020604592,108.80442025799256,76.15056156971346,71.32306382128522
160,271.15990320014777,64.66301770929346,42.713312090154076,101.1761473820246,81.29575174193278,109.45026084917357,100.54662724192033,105.77553128637776,109.1208762749134,76.81524181163662,72.8308269056485
161,267.02117326808366,65.06109513857871,42.3638707751265,99.52737796474963,81.35405606229595,109.78748771378707,100.14492812068357,105.90212549648689,109.5333289505543,77.97056866148027,73.52805880508737
162,271.45397440694603,65.58282958257703,42.42075554626,100.9371437148354,81.29467203009636,110.38887151255851,101.28503508317515,105.8867222316769,109.72366602186207,79.50070923111006,73.25249640991196
163,275.30023650898124,65.75982034381293,42.82410748988805,102.5816476011794,81.3582827246077,111.20243847503288,102.60853754836413,106.28745796847079,109.99218570794231,78.94041337049806,73.83729192507664
164,275.7044019348878,66.00644108750569,42.94890493535502,103.15056867155764,81.37940514902363,110.99494458109416,102.2786698465006,106.36678366708158,109.41606517233065,78.14775317009719,72.51544203869439
165,277.2964115376236,66.66286821160594,43.61803434569871,104.0175213982243,81.33771232754071,111.15309926816666,103.00170498200546,106.12731453291143,109.03896326856554,77.54873982042531,74.22315605093837
166,279.3307926841434,66.06463145748165,43.223965048537266,104.32830013249199,81.27674996647848,111.16657616290145,102.10031079682228,105.84144660138446,108.64360265278253,79.78627684520133,72.84652000345834
167,279.1143554334189,64.82582651191022,42.27214586080896,104.17828228095206,81.45836833720425,111.30767180039555,100.58044192295355,106.09092385170285,109.40351847927137,78.78296240659328,72.93814998573242
168,280.8819223803651,64.48444109888295,41.326484799117075,105.83118340673761,81.5298144346197,111.83260644876448,100.98408380915754,106.28687256807618,109.51232076435731,80.6855197587519,70.37177719981568
169,283.1797502190696,65.30481878242792,42.327096826928276,106.57699437712826,81.57604226723694,112.16048371012529,101.47435336352494,106.34515806732912,110.08660892561271,80.28108465139601,72.25768880644262
170,285.89719350725,65.31062112808235,42.20930382677843,107.16182655112235,81.59610849907449,111.55717310136411,100.39156759746851,106.2506214659991,109.76949299013408,80.78272711821731,72.0946721893241
171,283.7051283504334,63.59064535350919,40.73004974157075,107.46093173360264,81.4478140092077,110.75602844819159,99.76457295612863,105.62757837820278,109.06675590886222,79.81255416044121,70.53572553090872
172,286.53549021508996,64.76194729382189,41.015037507305706,108.66173060587647,81.46318664979704,111.28878140673353,101.05750951878193,105.53785567684056,108.85077777520694,79.98023008548084,71.94891352113851
173,288.87790955515965,66.42632705630808,42.18845056191876,110.09979900648204,81.44506382445383,111.09725175466708,101.75967654725527,105.40066336640227,108.66498145621836,79.69396985143925,72.70347847601764
174,286.84512920181635,65.8616404559336,41.97643468505385,108.63506722378355,81.48124625591561,111.20207833127506,102.26746531965982,105.45217910979983,108.6829245532556,77.76752481634826,73.79760869721001
175,285.51904603211216,64.46653014647293,40.07339124991118,107.90147159247188,81.34600294406036,109.63164741259187,100.62389671759469,104.77845366268873,107.54935357127752,76.44527898536315,75.15232611126564
176,275.2035243209745,62.16545065279742,39.46430972015961,103.7637261907771,81.45132447721907,109.84707325554915,100.6934172425825,104.61190161096462,107.63122812377368,74.26821167472066,71.17166734472124
177,274.92213641144815,62.053225662459816,38.872769046561565,103.82948594353788,81.48612634828301,109.49264611078117,100.52696680608366,104.73890046390976,107.2595954890066,76.17745749971752,69.8716981470359
178,264.92295334574817,59.865799456284655,37.968993886861234,100.46678855171776,81.61788877891124,109.56441635190407,100.44539530095014,105.08075805236179,107.6327729618421,75.4815262830727,64.98026105377414
179,270.24651967164164,61.56766385195976,39.834843942161655,103.53237201120935,81.47349835255785,108.65881758101263,99.71617819719805,104.5332478815156,106.62508344936629,76.16426542503918,66.10020069449007
180,275.8861698200407,61.555953050390904,39.02367163833985,106.32699233317004,81.53948939244226,109.08037315523215,100.02459932060326,104.82584589297035,106.90265176487033,78.4546180640811,66.9160906811304
181,272.46045661066347,61.12445567385289,39.95968717711604,105.97807817221066,81.73510911963075,108.88609970348456,99.62738035197597,105.37431631995568,107.42070731372615,78.75338162644223,65.57745773564491
182,263.0986130253509,60.033911747202296,38.97928045863359,102.92839877008652,81.80350104555649,108.72616917965385,98.57460512640161,105.65058303105783,107.22058820092657,78.05142110918806,62.41771550697619
183,273.4832902087672,60.910597336045775,40.112402055602956,106.40164749183444,81.8880864776843,108.56795923733027,99.1057085681103,106.0647585643131,107.49701233855068,79.7646444463301,64.5834268115014
184,263.9409324556888,59.0559014925116,39.12294371390345,102.40482179458043,81.92671721758093,108.88672323963196,99.58304791786625,106.63229086683624,107.95948611962366,79.99597916175252,62.527455569043674
185,259.9065180628547,58.772604331856925,39.000738635401596,100.9799357382579,82.069293563055,109.95311781110387,100.50547814242047,106.71337912816519,107.55475400212826,77.79824765193607,60.63664934210038
186,241.70178491335128,56.09343424601293,37.813438105327016,94.30228923084756,82.16888004971648,109.86476016770209,99.15662014531712,106.94964312300507,107.60521650907356,73.83613339153528,54.82650833970913
187,246.34659001823462,57.62278169295407,38.90939555409843,96.59111268104252,82.43036479960648,110.20903063830909,100.50065252554818,107.40058118681954,107.93298537647581,73.64800562755224,56.32639762817195
188,252.420099418508,58.68105334257207,39.404779447714,97.54140290605395,82.52442765936739,110.8342190027441,102.23187242137473,107.55225408319079,108.56262665159463,73.59030430026532,58.99044684658758
189,258.3408599297917,59.70104968653608,40.378284235460235,99.72437113209475,82.52918258568302,111.44574310488443,102.71661788130358,107.44699850129119,108.80154860979644,76.67625046394815,60.97272460793172
190,265.54228227743073,60.684413386706616,41.192081610596816,102.35274619157214,82.47845533381572,111.89788943881177,103.76596914939617,107.43705938066154,108.420866835491,78.30388675270717,62.72229267482875
191,265.58549549239535,60.797720173205505,41.77947748432568,102.32417850110622,82.5128653664504,112.68873522970041,104.77795144460885,107.4493806645397,108.30785094181645,79.2828902162343,61.800248897873715
192,269.18772370678533,61.28007076388897,42.51959426523541,103.17913945321688,82.51149329814646,113.62512059773192,105.65270670219516,107.53374769575305,109.09487683418772,81.51249547357371,63.79256312634308
193,269.8822678423451,60.72427093897807,41.858519841732345,104.12170880718958,82.7202792105874,114.38324736862825,105.32845174625758,108.12108588089686,109.28121545078481,82.71398939447086,61.85230741611607
194,276.0137860109059,62.20054084125176,41.83185778501824,107.25215555887482,82.75653454436996,114.38910881467103,105.69368827492062,108.36269538376467,109.42472004159606,83.64420025855378,65.02219613135424
195,278.03053436066807,62.68476662510718,42.63734359407488,107.96383193241395,82.81467002648621,114.46489386611842,106.25607449357503,108.55092140482165,109.74049336076602,83.70348043362561,64.61388967811953
196,279.4893004099484,63.17861408318594,42.197644551267324,108.2009083872581,82.66864663306578,113.71953808051684,105.66662260914042,108.3420505136207,109.31927009524118,82.43244911835689,65.32454765424502
197,274.3372985992116,62.164081285431514,41.3893936519115,105.94519864650623,82.87968952247888,114.59631306520248,105.88727340458854,108.88281908073331,109.8253824944324,82.5299950484712,62.856853128268746
198,280.8214339831834,63.773501570524836,42.64375967747453,107.90422411004997,83.00528995645683,115.23533927285519,106.89634826721647,109.1498535865543,110.40727026247926,84.28054349279074,64.47534363774882
199,278.8948524106621,62.97880191450292,42.14888753115868,107.21975230630899,83.19735459033656,116.7150646078798,107.37901864990287,109.86315528106641,111.35400419193851,84.75633756169636,64.89797618505027
200,282.5034290113724,63.49016512752275,42.55042025090533,108.55895481728923,83.318777030462,117.4670014965013,107.95419498386758,110.19001523836934,111.56501277956511,85.41430342190793,65.53279027297663
201,288.00793343575543,64.77160686456229,43.92697620999558,110.14745468730905,83.15885121825654,117.10864698678608,107.98297686415299,109.78130060039058,111.26360025880992,86.89795141621502,66.98746031878832
202,290.0706984694792,64.98261527292131,43.98959141020574,111.10503720927863,83.20567587503379,117.67126525308366,107.8547398449186,109.78890008560447,111.14550179770629,87.25370316370196,66.93072567693197
203,290.13748625071014,65.22744356842826,44.16965195599227,111.62414016034207,83.26924080082152,117.45328620491648,107.8805911907977,110.00726802071469,111.19867482636036,84.75191558778137,66.59544926794082
204,293.16809140855054,65.05749306209387,43.565807909458336,112.30117221343498,83.42383758779904,118.22690956403343,107.90834909544542,110.58773614625271,111.87380595613477,85.92050845876591,65.67042201829139
205,294.0062612677551,65.56737172359053,43.830338952372976,112.75687829420072,83.30845450299788,117.84201351338949,108.12409256044016,110.68464760267265,111.49518400527093,86.773793681828,63.76687074022957
206,288.9112088818458,64.08211904137292,41.823532491211594,111.52355517174145,83.49284394610962,117.90808535404368,108.16414734526708,111.22094481627468,111.83596591645069,86.05045921157021,63.5982585153686
207,286.6057081541923,63.558307199844705,40.13053601950527,110.94710365353332,83.65811269139441,118.28386307088721,107.82427796025854,111.82563848814509,112.03065501756448,86.96960880286485,63.283706740911256
208,283.76148703028633,63.5459970189182,39.721532731086896,110.3814178342621,83.75059370752764,118.75520280022467,108.23691332707824,111.96204617094011,112.43472436540434,87.19536013767453,61.18562807555676
